sign_number,category,simp_match,trad_match,xlsx_text,csv_text,xlsx_simp_no_punct,csv_simp_no_punct,diff_detail,punct_segments,punct_count
1,完全一致,True,True,天门一挂榜，预定夺标人，马嘶芳草地，秋高听鹿鸣。,天門一掛榜預定奪標人馬嘶芳草地秋高聽鹿鳴,天门一挂榜预定夺标人马嘶芳草地秋高听鹿鸣,天门一挂榜预定夺标人马嘶芳草地秋高听鹿鸣,,"[5, 5, 5, 5]",4
2,完全一致,True,True,地有神，甚威灵，兴邦辅国，尊主庇民。,地有神甚威靈興邦輔國尊主庇民,地有神甚威灵兴邦辅国尊主庇民,地有神甚威灵兴邦辅国尊主庇民,,"[3, 3, 4, 4]",4
3,完全一致,True,True,长安花不可及，春风中马蹄疾，急早加鞭，骤然生色。,長安花不可及春風中馬蹄疾急早加鞭驟然生色,长安花不可及春风中马蹄疾急早加鞭骤然生色,长安花不可及春风中马蹄疾急早加鞭骤然生色,,"[6, 6, 4, 4]",4
4,真正差异,False,False,春花娇媚，不禁雨打风飘，秋菊幽芳，反耐霜凌雪傲。,春花嬌媚不禁雨打風飄秋菊幽芳及耐霜凌雪傲,春花娇媚不禁雨打风飘秋菊幽芳反耐霜凌雪傲,春花娇媚不禁雨打风飘秋菊幽芳及耐霜凌雪傲,pos14: xlsx=反(菊幽芳反耐霜凌) csv=及(菊幽芳及耐霜凌),"[4, 6, 4, 6]",4
5,完全一致,True,True,春雷震，夏风巽，卧龙起，猛虎惊，风云会合，救济苍生。,春雷震夏風巽臥龍起猛虎驚風雲會合救濟蒼生,春雷震夏风巽卧龙起猛虎惊风云会合救济苍生,春雷震夏风巽卧龙起猛虎惊风云会合救济苍生,,"[3, 3, 3, 3, 4, 4]",6
6,仅异体字,True,False,非玄非奥，非浅非深，一个妙道，着意搜寻。,非玄非奥非淺非深一個妙道着意搜尋,非玄非奥非浅非深一个妙道着意搜寻,非玄非奥非浅非深一个妙道着意搜寻,,"[4, 4, 4, 4]",4
7,完全一致,True,True,君须悟，勿误疑，有平路，任驱驰，随时变易，件件咸宜。,君須悟勿誤疑有平路任驅馳隨時變易件件咸宜,君须悟勿误疑有平路任驱驰随时变易件件咸宜,君须悟勿误疑有平路任驱驰随时变易件件咸宜,,"[3, 3, 3, 3, 4, 4]",6
8,仅异体字,True,False,虎恋高山别有机，众人目下尚狐疑，雁来嘹呖黄花发，此际声名达帝畿。,虎戀高山别有機衆人目下尚狐疑雁來嘹嚦黃花發此際聲名達帝畿,虎恋高山别有机众人目下尚狐疑雁来嘹呖黄花发此际声名达帝畿,虎恋高山别有机众人目下尚狐疑雁来嘹呖黄花发此际声名达帝畿,,"[7, 7, 7, 7]",4
9,仅异体字,True,False,贵客相逢更可期，庭前枯木凤来仪，好将短事求长事，休听旁人说是非。,貴客相逢更可期庭前枯木鳳來儀好將短事求長事休聽旁人説是非,贵客相逢更可期庭前枯木凤来仪好将短事求长事休听旁人说是非,贵客相逢更可期庭前枯木凤来仪好将短事求长事休听旁人说是非,,"[7, 7, 7, 7]",4
10,仅异体字,True,False,嘹呖征鸿独出群，高飞羽翼更纠纷，云程北进好音遂闻，朝云暮雨交加有凭。,嘹嚦征鴻獨出羣高飛羽翼更糾紛雲程北進好音遂聞朝雲暮雨交加有憑,嘹呖征鸿独出群高飞羽翼更纠纷云程北进好音遂闻朝云暮雨交加有凭,嘹呖征鸿独出群高飞羽翼更纠纷云程北进好音遂闻朝云暮雨交加有凭,,"[7, 7, 8, 8]",4
11,仅异体字,True,False,无踪又无迹，远近均难觅，平地起风波，似笑还成泣。,無踪又無跡遠近均難覓平地起風波似笑還成泣,无踪又无迹远近均难觅平地起风波似笑还成泣,无踪又无迹远近均难觅平地起风波似笑还成泣,,"[5, 5, 5, 5]",4
12,仅异体字,True,False,神黯黯，意悠悠，收却线，莫下钩。,神黯黯意悠悠收却線莫下鈎,神黯黯意悠悠收却线莫下钩,神黯黯意悠悠收却线莫下钩,,"[3, 3, 3, 3]",4
13,仅异体字,True,False,得意宜逢妇，前程去有缘，利名终有望，三五月团圆。,得意宜逢婦前程去有緣利名終有望三五月團圆,得意宜逢妇前程去有缘利名终有望三五月团圆,得意宜逢妇前程去有缘利名终有望三五月团圆,,"[5, 5, 5, 5]",4
14,真正差异,False,False,鼎沸起风波，孤舟要渡河，巧中却藏拙，人事转蹉跎。,鼎沸起風波孤舟要渡河巧中藏却拙人事轉嗟跎,鼎沸起风波孤舟要渡河巧中却藏拙人事转蹉跎,鼎沸起风波孤舟要渡河巧中藏却拙人事转嗟跎,pos12: xlsx=却(河巧中却藏拙人) csv=藏(河巧中藏却拙人); pos13: xlsx=藏(巧中却藏拙人事) csv=却(巧中藏却拙人事); pos18: xlsx=蹉(人事转蹉跎) csv=嗟(人事转嗟跎),"[5, 5, 5, 5]",4
15,完全一致,True,True,意在闲中信未来，故人千里自徘徊，天边雁足传消息，一点梅花春色回。,意在閒中信未來故人千里自徘徊天邊雁足傳消息一點梅花春色回,意在闲中信未来故人千里自徘徊天边雁足传消息一点梅花春色回,意在闲中信未来故人千里自徘徊天边雁足传消息一点梅花春色回,,"[7, 7, 7, 7]",4
16,完全一致,True,True,心和同，事知同，门外好施功，交加事有终。,心和同事知同門外好施功交加事有終,心和同事知同门外好施功交加事有终,心和同事知同门外好施功交加事有终,,"[3, 3, 5, 5]",4
17,完全一致,True,True,欲行还止，徘徊不已，藏玉怀珠，寸心千里。,欲行還止徘徊不已藏玉懷珠寸心千里,欲行还止徘徊不已藏玉怀珠寸心千里,欲行还止徘徊不已藏玉怀珠寸心千里,,"[4, 4, 4, 4]",4
18,仅异体字,True,False,心戚戚，口啾啾，一番思虑一番忧，说了休时又不休。,心戚戚口啾啾一番思慮一番憂説了休時又不休,心戚戚口啾啾一番思虑一番忧说了休时又不休,心戚戚口啾啾一番思虑一番忧说了休时又不休,,"[3, 3, 7, 7]",4
19,仅异体字,True,False,不远不近，似易似难，等闲一事，云中笑看。,不遠不近似易似難等閑一事雲中笑看,不远不近似易似难等闲一事云中笑看,不远不近似易似难等闲一事云中笑看,,"[4, 4, 4, 4]",4
20,完全一致,True,True,桃李谢春风，西飞又复东，家中无意绪，船在浪涛中。,桃李謝春風西飛又復東家中無意緒船在浪濤中,桃李谢春风西飞又复东家中无意绪船在浪涛中,桃李谢春风西飞又复东家中无意绪船在浪涛中,,"[5, 5, 5, 5]",4
21,仅异体字,True,False,一水远一水，一山旋一山，水穷山尽处，名利不为难。,一水遠一水一山旋一山水窮山盡處名利不為難,一水远一水一山旋一山水穷山尽处名利不为难,一水远一水一山旋一山水穷山尽处名利不为难,,"[5, 5, 5, 5]",4
22,完全一致,True,True,事相扶，在半途，翻覆终可免，风波一点无。,事相扶在半途翻覆終可免風波一點無,事相扶在半途翻覆终可免风波一点无,事相扶在半途翻覆终可免风波一点无,,"[3, 3, 5, 5]",4
23,真正差异,False,False,喜喜喜，春风生桃李，不用强忧煎，明月人千里。,喜喜喜春風生桃李不用強憂煎明月人干里,喜喜喜春风生桃李不用强忧煎明月人千里,喜喜喜春风生桃李不用强忧煎明月人干里,pos16: xlsx=千(明月人千里) csv=干(明月人干里),"[3, 5, 5, 5]",4
24,仅异体字,True,False,意孜孜，心戚戚，要平安，防出入。,意孜孜心戚戚要平安防出入,意孜孜心戚戚要平安防出入,意孜孜心戚戚要平安防出入,,"[3, 3, 3, 3]",4
25,真正差异,False,False,见不见，也防人背面，遇不遇，到底无凭据。,見不見也防人背西遇不遇到底無憑據,见不见也防人背面遇不遇到底无凭据,见不见也防人背西遇不遇到底无凭据,pos7: xlsx=面(防人背面遇不遇) csv=西(防人背西遇不遇),"[3, 5, 3, 5]",4
26,真正差异,False,False,一番桃李一番春，谁识当初气象新，林下水边寻活计，见山了了称心意。,一番桃李一番春護識當初氣象新林下水邊尋活計見山了了稱心情,一番桃李一番春谁识当初气象新林下水边寻活计见山了了称心意,一番桃李一番春护识当初气象新林下水边寻活计见山了了称心情,pos7: xlsx=谁(一番春谁识当初) csv=护(一番春护识当初); pos27: xlsx=意(了称心意) csv=情(了称心情),"[7, 7, 7, 7]",4
27,真正差异,False,False,莫怪我见错，心性自成痾，偏僻不通心，真人却不魔。,莫怪我見錯心性自成疴偏僻不通心真人却不魔,莫怪我见错心性自成痾偏僻不通心真人却不魔,莫怪我见错心性自成疴偏僻不通心真人却不魔,pos9: xlsx=痾(性自成痾偏僻不) csv=疴(性自成疴偏僻不),"[5, 5, 5, 5]",4
28,仅异体字,True,False,禄马交驰，男儿得志时，行程早办，荣归乐期颐。,禄馬交馳男兒得志時行程早辦榮歸樂期頤,禄马交驰男儿得志时行程早办荣归乐期颐,禄马交驰男儿得志时行程早办荣归乐期颐,,"[4, 5, 4, 5]",4
29,仅异体字,True,False,了却心头事，三生夙有缘，香开十里桂，移步入天边。,了却心頭事三生夙有緣香開十里桂移步入天邊,了却心头事三生夙有缘香开十里桂移步入天边,了却心头事三生夙有缘香开十里桂移步入天边,,"[5, 5, 5, 5]",4
30,完全一致,True,True,缘黄阁白了头，毕竟成何济，不如趁此精神，犹好买些真气。,緣黃閣白了頭畢竟成何濟不如趁此精神猶好買些真氣,缘黄阁白了头毕竟成何济不如趁此精神犹好买些真气,缘黄阁白了头毕竟成何济不如趁此精神犹好买些真气,,"[6, 5, 6, 6]",4
31,仅异体字,True,False,离别间，虽不易，同伴行，犹不滞，早早起程，免他失意。,離别間雖不易同伴行猶不滞早早起程免他失意,离别间虽不易同伴行犹不滞早早起程免他失意,离别间虽不易同伴行犹不滞早早起程免他失意,,"[3, 3, 3, 3, 4, 4]",6
32,仅异体字,True,False,乐之极矣忧将至，巽兑分明吉与凶，未能光大终幽暗，日落西山返照中。,樂之極矣憂將至巽兌分明吉與凶未能光大終幽暗日落西山返照中,乐之极矣忧将至巽兑分明吉与凶未能光大终幽暗日落西山返照中,乐之极矣忧将至巽兑分明吉与凶未能光大终幽暗日落西山返照中,,"[7, 7, 7, 7]",4
33,真正差异,False,False,历过波涛三五重，谁知浪静又无风，须教明达青云路，用舍行藏不费功。,歷過波濤三五重誰知浪靜又無風須教明遠青雲路用舍行藏不費功,历过波涛三五重谁知浪静又无风须教明达青云路用舍行藏不费功,历过波涛三五重谁知浪静又无风须教明远青云路用舍行藏不费功,pos17: xlsx=达(须教明达青云路) csv=远(须教明远青云路),"[7, 7, 7, 7]",4
34,完全一致,True,True,缺月又重圆，枯枝色更鲜，一条夷坦路，翘首望青天。,缺月又重圓枯枝色更鮮一條夷坦路翹首望青天,缺月又重圆枯枝色更鲜一条夷坦路翘首望青天,缺月又重圆枯枝色更鲜一条夷坦路翘首望青天,,"[5, 5, 5, 5]",4
35,完全一致,True,True,行路难行路难，今日方知行路难，前程广大何足虑，琼力今朝度此滩。,行路難行路難今日方知行路難前程廣大何足慮瓊力今朝度此灘,行路难行路难今日方知行路难前程广大何足虑琼力今朝度此滩,行路难行路难今日方知行路难前程广大何足虑琼力今朝度此滩,,"[6, 7, 7, 7]",4
36,真正差异,False,False,春景明，春色新，春意傍水生，春天无限好，好去宴琼林。,春景明春色新春意傍水生春天無限好好去宴勉林,春景明春色新春意傍水生春天无限好好去宴琼林,春景明春色新春意傍水生春天无限好好去宴勉林,pos19: xlsx=琼(好去宴琼林) csv=勉(好去宴勉林),"[3, 3, 5, 5, 5]",5
37,真正差异,False,False,万马归元，千猿朝洞，虎伏龙降，道高德重。,萬馬歸元千獵朝洞虎伏龍降道高德重,万马归元千猿朝洞虎伏龙降道高德重,万马归元千猎朝洞虎伏龙降道高德重,pos5: xlsx=猿(归元千猿朝洞虎) csv=猎(归元千猎朝洞虎),"[4, 4, 4, 4]",4
38,完全一致,True,True,黄鹂报上林，春色鲜明，提鞭快着，马上速行程。,黃鸝報上林春色鮮明提鞭快着馬上速行程,黄鹂报上林春色鲜明提鞭快着马上速行程,黄鹂报上林春色鲜明提鞭快着马上速行程,,"[5, 4, 4, 5]",4
39,完全一致,True,True,大肆放灵丹，救人行万千，到头登彼岸，渡过入仙班。,大肆放靈丹救人行萬千到頭登彼岸渡過入仙班,大肆放灵丹救人行万千到头登彼岸渡过入仙班,大肆放灵丹救人行万千到头登彼岸渡过入仙班,,"[5, 5, 5, 5]",4
40,真正差异,False,False,一带水，碧澄澄，舟住江上，月到天心；稳步其中，玄妙不闲，非人误己，几丧生身。,一帶水碧澄澄舟住江上月到天心穩步其中玄妙不閒非人誤已幾喪生身,一带水碧澄澄舟住江上月到天心稳步其中玄妙不闲非人误己几丧生身,一带水碧澄澄舟住江上月到天心稳步其中玄妙不闲非人误已几丧生身,pos25: xlsx=己(非人误己几丧生) csv=已(非人误已几丧生),"[3, 3, 4, 4, 4, 4, 4, 4]",8
41,真正差异,False,False,桃李舒姘，春光鲜丽，良辰美景君须记，随心所往事事相宜，无用多疑干渎神祗。,桃李舒妍春光鮮麗良辰美景君須記隨心所往事事相宜無用多疑千凟神祇,桃李舒姘春光鲜丽良辰美景君须记随心所往事事相宜无用多疑干渎神祗,桃李舒妍春光鲜丽良辰美景君须记随心所往事事相宜无用多疑千凟神祇,pos3: xlsx=姘(桃李舒姘春光鲜) csv=妍(桃李舒妍春光鲜); pos27: xlsx=干(用多疑干渎神祗) csv=千(用多疑千凟神祇); pos28: xlsx=渎(多疑干渎神祗) csv=凟(多疑千凟神祇); pos30: xlsx=祗(干渎神祗) csv=祇(千凟神祇),"[4, 4, 7, 8, 8]",5
42,真正差异,False,False,隐中显，显中微，个中有玄机，参得透了，直上仙梯。,穩中顯顯中微個中有玄機參得透了直上仙梯,隐中显显中微个中有玄机参得透了直上仙梯,稳中显显中微个中有玄机参得透了直上仙梯,pos0: xlsx=隐(隐中显显) csv=稳(稳中显显),"[3, 3, 5, 4, 4]",5
43,仅异体字,True,False,无上去，在前头，回头一悟，绳缰好收，千条万线路常在，自好搜求。,無上去在前頭回頭一悟繩韁好收千條萬線路常在自好搜求,无上去在前头回头一悟绳缰好收千条万线路常在自好搜求,无上去在前头回头一悟绳缰好收千条万线路常在自好搜求,,"[3, 3, 4, 4, 7, 4]",6
44,完全一致,True,True,四顾无门路，桃源路可通，修炼成正果，万岁寿如松。,四顧無門路桃源路可通修煉成正果萬歲壽如松,四顾无门路桃源路可通修炼成正果万岁寿如松,四顾无门路桃源路可通修炼成正果万岁寿如松,,"[5, 5, 5, 5]",4
45,完全一致,True,True,不用忙，不用慌，自有驻足乡，鸣鼓响钟地，三宝见门墙。,不用忙不用慌自有駐足鄉鳴鼓響鐘地三寶見門牆,不用忙不用慌自有驻足乡鸣鼓响钟地三宝见门墙,不用忙不用慌自有驻足乡鸣鼓响钟地三宝见门墙,,"[3, 3, 5, 5, 5]",5
46,仅异体字,True,False,奔波一世，总是虚浮，无常一到万事休，急早回头。,奔波一世總是虚浮無常一到萬事休急早回頭,奔波一世总是虚浮无常一到万事休急早回头,奔波一世总是虚浮无常一到万事休急早回头,,"[4, 4, 7, 4]",4
47,真正差异,False,False,真真真，人不识，真真真，神有灵，归宗返本，方是元精。,真真真人不識真其真神有靈歸宗返本方是元精,真真真人不识真真真神有灵归宗返本方是元精,真真真人不识真其真神有灵归宗返本方是元精,pos7: xlsx=真(不识真真真神有) csv=其(不识真其真神有),"[3, 3, 3, 3, 4, 4]",6
48,完全一致,True,True,走尽天涯，风霜历遍，不如问人三天，渐渐有回首见。,走盡天涯風霜歷遍不如問人三天漸漸有回首見,走尽天涯风霜历遍不如问人三天渐渐有回首见,走尽天涯风霜历遍不如问人三天渐渐有回首见,,"[4, 4, 6, 6]",4
49,真正差异,False,False,沉沉痾染，不见天心，雷门一震，体健身轻。,沉沉疴染不見天心雷門一震體健身輕,沉沉痾染不见天心雷门一震体健身轻,沉沉疴染不见天心雷门一震体健身轻,pos2: xlsx=痾(沉沉痾染不见) csv=疴(沉沉疴染不见),"[4, 4, 4, 4]",4
50,真正差异,False,False,财马两匆忙，官禄有定方，猪羊牛犬，自去主张。,財馬兩勿忙官禄有定方猪羊牛犬自去主張,财马两匆忙官禄有定方猪羊牛犬自去主张,财马两勿忙官禄有定方猪羊牛犬自去主张,pos3: xlsx=匆(财马两匆忙官禄) csv=勿(财马两勿忙官禄),"[5, 5, 4, 4]",4
51,真正差异,False,False,空空空，空里得成功，蟠桃千载熟，不怕五更风。,空空空空裏得成功蟠挑千載熟不怕五更風,空空空空里得成功蟠桃千载熟不怕五更风,空空空空里得成功蟠挑千载熟不怕五更风,pos9: xlsx=桃(成功蟠桃千载熟) csv=挑(成功蟠挑千载熟),"[3, 5, 5, 5]",4
52,完全一致,True,True,愁脸放，笑颜开，秋月挂高台，人从千里来。,愁臉放笑顏開秋月掛高臺人從千里來,愁脸放笑颜开秋月挂高台人从千里来,愁脸放笑颜开秋月挂高台人从千里来,,"[3, 3, 5, 5]",4
53,完全一致,True,True,须着力，莫远游，长竿钓向蟾蜍窟，直欲云中得巨鳌。,須着力莫遠遊長竿釣向蟾蜍窟直欲雲中得巨鰲,须着力莫远游长竿钓向蟾蜍窟直欲云中得巨鳌,须着力莫远游长竿钓向蟾蜍窟直欲云中得巨鳌,,"[3, 3, 7, 7]",4
54,完全一致,True,True,无踪无迹，远近难觅，旱海行舟，空劳费力。,無蹤無跡遠近難覓旱海行舟空勞費力,无踪无迹远近难觅旱海行舟空劳费力,无踪无迹远近难觅旱海行舟空劳费力,,"[4, 4, 4, 4]",4
55,真正差异,False,False,细雨蒙蒙湿，江边路不通，道途音信远，凭仗借东风。,細雨濛濛濕江邊路不通道途音信遠憑仗借柬風,细雨蒙蒙湿江边路不通道途音信远凭仗借东风,细雨蒙蒙湿江边路不通道途音信远凭仗借柬风,pos18: xlsx=东(凭仗借东风) csv=柬(凭仗借柬风),"[5, 5, 5, 5]",4
56,真正差异,False,False,平地起云烟，时下未能安，高处觅姻缘。,平地起風煙時下未能安高處覓姻豪,平地起云烟时下未能安高处觅姻缘,平地起风烟时下未能安高处觅姻豪,pos3: xlsx=云(平地起云烟时下) csv=风(平地起风烟时下); pos14: xlsx=缘(处觅姻缘) csv=豪(处觅姻豪),"[5, 5, 5]",3
57,完全一致,True,True,正直宜守，妄动生灾，利通名达，叶落花开。,正直宜守妄動生災利通名達葉落花開,正直宜守妄动生灾利通名达叶落花开,正直宜守妄动生灾利通名达叶落花开,,"[4, 4, 4, 4]",4
58,完全一致,True,True,君子升，小人阻，征战生离苦，前有吉人逢，信在马牛人在楚，事要营求妥。,君子升小人阻征戰生離苦前有吉人逢信在馬牛人在楚事要營求妥,君子升小人阻征战生离苦前有吉人逢信在马牛人在楚事要营求妥,君子升小人阻征战生离苦前有吉人逢信在马牛人在楚事要营求妥,,"[3, 3, 5, 5, 7, 5]",6
59,真正差异,False,False,纷纷复纷纷，欷歔独掩门，敛眉望灯火，伴我坐黄昏。,紛紛復紛紛欷歔獨掩門歛眉望燈火伴我生黃昏,纷纷复纷纷欷歔独掩门敛眉望灯火伴我坐黄昏,纷纷复纷纷欷歔独掩门歛眉望灯火伴我生黄昏,pos10: xlsx=敛(独掩门敛眉望灯) csv=歛(独掩门歛眉望灯); pos17: xlsx=坐(火伴我坐黄昏) csv=生(火伴我生黄昏),"[5, 5, 5, 5]",4
60,完全一致,True,True,红颜美，休挂怀，人在车中，舟行水里。,紅顏美休掛懷人在車中舟行水裏,红颜美休挂怀人在车中舟行水里,红颜美休挂怀人在车中舟行水里,,"[3, 3, 4, 4]",4
61,真正差异,False,False,桥已断，路不通，登舟理楫，又遇狂风。,橋己斷路不通登舟理楫又遇狂風,桥已断路不通登舟理楫又遇狂风,桥己断路不通登舟理楫又遇狂风,pos1: xlsx=已(桥已断路不) csv=己(桥己断路不),"[3, 3, 4, 4]",4
62,完全一致,True,True,深潭月，照镜影，一场空，安报信。,深潭月照鏡影一場空安報信,深潭月照镜影一场空安报信,深潭月照镜影一场空安报信,,"[3, 3, 3, 3]",4
63,真正差异,False,False,湖海意悠悠，烟波下钓钩，若逢龙与兔，名利一齐周。,湖海意悠悠烟波下釣鈎若逢龍與兎名利一齊周,湖海意悠悠烟波下钓钩若逢龙与兔名利一齐周,湖海意悠悠烟波下钓钩若逢龙与兎名利一齐周,pos14: xlsx=兔(逢龙与兔名利一) csv=兎(逢龙与兎名利一),"[5, 5, 5, 5]",4
64,完全一致,True,True,物不牢，人断桥，重整理，慢心高。,物不牢人斷橋重整理慢心高,物不牢人断桥重整理慢心高,物不牢人断桥重整理慢心高,,"[3, 3, 3, 3]",4
65,完全一致,True,True,入而易，出而难，恹恹到再三，交加意不堪。,入而易出而難懨懨到再三交加意不堪,入而易出而难恹恹到再三交加意不堪,入而易出而难恹恹到再三交加意不堪,,"[3, 3, 5, 5]",4
66,真正差异,False,False,事迟志速，而且反覆，直待岁寒，花残果熟。,事遲志速而且反覆直待崴寒花殘果熟,事迟志速而且反覆直待岁寒花残果熟,事迟志速而且反复直待崴寒花残果熟,pos7: xlsx=覆(而且反覆直待岁) csv=复(而且反复直待崴); pos10: xlsx=岁(覆直待岁寒花残) csv=崴(复直待崴寒花残),"[4, 4, 4, 4]",4
67,完全一致,True,True,乘马前进，所求吉贞，随时谐美，缺月重明。,乘馬前進所求吉貞隨時諧美缺月重明,乘马前进所求吉贞随时谐美缺月重明,乘马前进所求吉贞随时谐美缺月重明,,"[4, 4, 4, 4]",4
68,真正差异,False,False,舟离古渡月离云，人出潼关好问津，且向前行去求住，何须疑虑两三心。,舟離在渡月離雲人出潼關好問津且向前行去求住何須疑慮兩三心,舟离古渡月离云人出潼关好问津且向前行去求住何须疑虑两三心,舟离在渡月离云人出潼关好问津且向前行去求住何须疑虑两三心,pos2: xlsx=古(舟离古渡月离) csv=在(舟离在渡月离),"[7, 7, 7, 7]",4
69,仅异体字,True,False,不足不足，难伸心曲，野塘雨过月如钩，梦断邯郸眉黛愁。,不足不足難伸心曲野塘雨過月如鈎夢斷邯鄲眉黛愁,不足不足难伸心曲野塘雨过月如钩梦断邯郸眉黛愁,不足不足难伸心曲野塘雨过月如钩梦断邯郸眉黛愁,,"[4, 4, 7, 7]",4
70,完全一致,True,True,美有堪，堪有美，始有终，终有始。,美有堪堪有美始有終終有始,美有堪堪有美始有终终有始,美有堪堪有美始有终终有始,,"[3, 3, 3, 3]",4
71,完全一致,True,True,湖海悠悠，孤舟浪头，来人未渡，残照山楼。,湖海悠悠孤舟浪頭來人未渡殘照山樓,湖海悠悠孤舟浪头来人未渡残照山楼,湖海悠悠孤舟浪头来人未渡残照山楼,,"[4, 4, 4, 4]",4
72,真正差异,False,False,深户要牢扃，提防暗里人，莫言无外事，纵好定遭迍。,深戸要牢局隄防暗裏人莫言無外事縱好定遭速,深户要牢扃提防暗里人莫言无外事纵好定遭迍,深戸要牢局隄防暗里人莫言无外事纵好定遭速,pos1: xlsx=户(深户要牢扃) csv=戸(深戸要牢局); pos4: xlsx=扃(户要牢扃提防暗) csv=局(戸要牢局隄防暗); pos5: xlsx=提(要牢扃提防暗里) csv=隄(要牢局隄防暗里); pos19: xlsx=迍(好定遭迍) csv=速(好定遭速),"[5, 5, 5, 5]",4
73,仅异体字,True,False,江海悠悠，烟波下钩，六鳌连获，歌笑中流。,江海悠悠烟波下鈎六鰲連獲歌笑中流,江海悠悠烟波下钩六鳌连获歌笑中流,江海悠悠烟波下钩六鳌连获歌笑中流,,"[4, 4, 4, 4]",4
74,仅异体字,True,False,欲济未济，欲求强求，心无一定，一车两头。,欲濟未濟欲求强求心無一定一車兩頭,欲济未济欲求强求心无一定一车两头,欲济未济欲求强求心无一定一车两头,,"[4, 4, 4, 4]",4
75,完全一致,True,True,一得一虑，退后欲先，路通大道，心自安然。,一得一慮退後欲先路通大道心自安然,一得一虑退后欲先路通大道心自安然,一得一虑退后欲先路通大道心自安然,,"[4, 4, 4, 4]",4
76,完全一致,True,True,难难难，忽然平地起波澜，易易易，谈笑寻常终有望。,難難難忽然平地起波瀾易易易談笑尋常終有望,难难难忽然平地起波澜易易易谈笑寻常终有望,难难难忽然平地起波澜易易易谈笑寻常终有望,,"[3, 7, 3, 7]",4
77,完全一致,True,True,心有余，力不足，倚仗春风，一歌一曲。,心有餘力不足倚仗春風一歌一曲,心有余力不足倚仗春风一歌一曲,心有余力不足倚仗春风一歌一曲,,"[3, 3, 4, 4]",4
78,真正差异,False,False,身不安，心不安，动静两三番，终朝事必叹。,身不安心不安動静兩三番終朝事必歡,身不安心不安动静两三番终朝事必叹,身不安心不安动静两三番终朝事必欢,pos15: xlsx=叹(朝事必叹) csv=欢(朝事必欢),"[3, 3, 5, 5]",4
79,完全一致,True,True,事了物未了，人圆物未圆，要知端的信，日影上琅玕。,事了物未了人圓物未圓要知端的信日影上琅玕,事了物未了人圆物未圆要知端的信日影上琅玕,事了物未了人圆物未圆要知端的信日影上琅玕,,"[5, 5, 5, 5]",4
80,真正差异,False,False,木向阳春发，三阴又伏根，樵夫不知道，砍去作柴薪。,木向陽春發三陰又伏根樵夫不知道欲去作柴薪,木向阳春发三阴又伏根樵夫不知道砍去作柴薪,木向阳春发三阴又伏根樵夫不知道欲去作柴薪,pos15: xlsx=砍(不知道砍去作柴) csv=欲(不知道欲去作柴),"[5, 5, 5, 5]",4
81,仅异体字,True,False,一月缺，一镜缺，不团圆，无可说。,一月缺一鏡缺不團圓無可説,一月缺一镜缺不团圆无可说,一月缺一镜缺不团圆无可说,,"[3, 3, 3, 3]",4
82,完全一致,True,True,车马到临，旌旗隐隐月分明，招安讨叛，永大前程。,車馬到臨旌旗隱隱月分明招安討叛永大前程,车马到临旌旗隐隐月分明招安讨叛永大前程,车马到临旌旗隐隐月分明招安讨叛永大前程,,"[4, 7, 4, 4]",4
83,仅异体字,True,False,我何宿，我何宿，海东河北成名录，一段神光，直冲天渎。,我何宿我何宿海東河北成名錄一段神光直冲天瀆,我何宿我何宿海东河北成名录一段神光直冲天渎,我何宿我何宿海东河北成名录一段神光直冲天渎,,"[3, 3, 7, 4, 4]",5
84,完全一致,True,True,金鳞入手，得还防走，若论周旋，谨言缄口。,金鱗入手得還防走若論周旋謹言緘口,金鳞入手得还防走若论周旋谨言缄口,金鳞入手得还防走若论周旋谨言缄口,,"[4, 4, 4, 4]",4
85,仅异体字,True,False,倾一杯，展??愁眉，天地合，好思为。,傾一盃展愁眉天地合好思為,倾一杯展愁眉天地合好思为,倾一杯展愁眉天地合好思为,,"[3, 1, 2, 3, 3]",6
86,完全一致,True,True,野鬼张弧射主人，暗中一箭鬼魂惊，忽然红日沉江海，难破空中事不明。,野鬼張弧射主人暗中一箭鬼魂驚忽然紅日沉江海難破空中事不明,野鬼张弧射主人暗中一箭鬼魂惊忽然红日沉江海难破空中事不明,野鬼张弧射主人暗中一箭鬼魂惊忽然红日沉江海难破空中事不明,,"[7, 7, 7, 7]",4
87,完全一致,True,True,福星照，吉宿临，青天有日见天真，龙飞下载到明庭。,福星照吉宿臨青天有日見天真龍飛下載到明庭,福星照吉宿临青天有日见天真龙飞下载到明庭,福星照吉宿临青天有日见天真龙飞下载到明庭,,"[3, 3, 7, 7]",4
88,完全一致,True,True,独钓寒潭，中途兴阑，水寒鱼不饵，空载月明还。,獨釣寒潭中途興闌水寒魚不餌空載月明還,独钓寒潭中途兴阑水寒鱼不饵空载月明还,独钓寒潭中途兴阑水寒鱼不饵空载月明还,,"[4, 4, 5, 5]",4
89,完全一致,True,True,不归一，劳心力，贵人旁，宜借力。,不歸一勞心力貴人旁宜借力,不归一劳心力贵人旁宜借力,不归一劳心力贵人旁宜借力,,"[3, 3, 3, 3]",4
90,完全一致,True,True,云尽月当中，光辉到处通，路途逢水顺，千里快如风。,雲盡月當中光輝到處通路途逢水順千里快如風,云尽月当中光辉到处通路途逢水顺千里快如风,云尽月当中光辉到处通路途逢水顺千里快如风,,"[5, 5, 5, 5]",4
91,真正差异,False,False,剑戟列山林，盗贼必来侵，败走擒搜定，封侯荫子孙。,劍戟列山林盗賊必來侵敗走擒搜定封候蔭子孫,剑戟列山林盗贼必来侵败走擒搜定封侯荫子孙,剑戟列山林盗贼必来侵败走擒搜定封候荫子孙,pos16: xlsx=侯(搜定封侯荫子孙) csv=候(搜定封候荫子孙),"[5, 5, 5, 5]",4
92,真正差异,False,False,岸阔水深舟易落，路遥山险步难行，蛇行自有通津日，月上天空分外明。,岸濶水深舟易落路遥山險步難行蛇行自有通津日月上天空分外明,岸阔水深舟易落路遥山险步难行蛇行自有通津日月上天空分外明,岸濶水深舟易落路遥山险步难行蛇行自有通津日月上天空分外明,pos1: xlsx=阔(岸阔水深舟) csv=濶(岸濶水深舟),"[7, 7, 7, 7]",4
93,真正差异,False,False,拟欲迁而未可迁，提防喜处惹勾连，前途若得阴人引，变化鱼龙出大渊。,擬欲遷而未可遷隄防喜處惹勾連前途若得陰人引變化魚龍出大淵,拟欲迁而未可迁提防喜处惹勾连前途若得阴人引变化鱼龙出大渊,拟欲迁而未可迁隄防喜处惹勾连前途若得阴人引变化鱼龙出大渊,pos7: xlsx=提(未可迁提防喜处) csv=隄(未可迁隄防喜处),"[7, 7, 7, 7]",4
94,真正差异,False,False,一人去，一人入，清风明月两相猜，获得金鳞下钓台。,一人去一人入清風明月兩相猜獲得金麟下鈎臺,一人去一人入清风明月两相猜获得金鳞下钓台,一人去一人入清风明月两相猜获得金麟下钩台,pos16: xlsx=鳞(获得金鳞下钓台) csv=麟(获得金麟下钩台); pos18: xlsx=钓(金鳞下钓台) csv=钩(金麟下钩台),"[3, 3, 7, 7]",4
95,真正差异,False,False,喜未稳，悲已遭，大雨狂风吹古木，人人尽道不坚牢。,喜未隱悲己遭大雨狂風吹古木人人盡道不堅牢,喜未稳悲已遭大雨狂风吹古木人人尽道不坚牢,喜未隐悲己遭大雨狂风吹古木人人尽道不坚牢,pos2: xlsx=稳(喜未稳悲已遭) csv=隐(喜未隐悲己遭); pos4: xlsx=已(未稳悲已遭大雨) csv=己(未隐悲己遭大雨),"[3, 3, 7, 7]",4
96,真正差异,False,False,可以寄百里之命，可以托六尺之孤，钟期既遇毋迟误。笑呼呼，乡聚首，各自乐康和。,可以寄百里之命可以托六尺之孤鍾期旣遇母遲誤笑呼呼他鄉聚首各自樂康,可以寄百里之命可以托六尺之孤钟期既遇毋迟误笑呼呼乡聚首各自乐康和,可以寄百里之命可以托六尺之孤钟期既遇母迟误笑呼呼他乡聚首各自乐康,pos18: xlsx=毋(期既遇毋迟误笑) csv=母(期既遇母迟误笑); pos24: xlsx=乡(笑呼呼乡聚首各) csv=他(笑呼呼他乡聚首); pos25: xlsx=聚(呼呼乡聚首各自) csv=乡(呼呼他乡聚首各); pos26: xlsx=首(呼乡聚首各自乐) csv=聚(呼他乡聚首各自); pos27: xlsx=各(乡聚首各自乐康) csv=首(他乡聚首各自乐); pos28: xlsx=自(聚首各自乐康和) csv=各(乡聚首各自乐康); pos29: xlsx=乐(首各自乐康和) csv=自(聚首各自乐康); pos30: xlsx=康(各自乐康和) csv=乐(首各自乐康); pos31: xlsx=和(自乐康和) csv=康(各自乐康),"[7, 7, 7, 3, 3, 5]",6
97,完全一致,True,True,报道上林，春色鲜明，提鞭快着，马上行程。,報道上林春色鮮明提鞭快着馬上行程,报道上林春色鲜明提鞭快着马上行程,报道上林春色鲜明提鞭快着马上行程,,"[4, 4, 4, 4]",4
98,仅异体字,True,False,鼠入土穴，最可安身，日中不见，静夜巡行。,鼠入土穴最可安身日中不見静夜巡行,鼠入土穴最可安身日中不见静夜巡行,鼠入土穴最可安身日中不见静夜巡行,,"[4, 4, 4, 4]",4
99,仅异体字,True,False,打起平生志，西南好去游，腰缠十万贯，骑鹤上扬州。,打起平生志西南好去游腰纏十萬貫騎鶴上揚州,打起平生志西南好去游腰缠十万贯骑鹤上扬州,打起平生志西南好去游腰缠十万贯骑鹤上扬州,,"[5, 5, 5, 5]",4
100,仅异体字,True,False,喜喜喜，终防否，获得骊龙颔下珠，忽然失却，还在水里。,喜喜喜終防否獲得驪龍頷下珠忽然失却還在水裡,喜喜喜终防否获得骊龙颔下珠忽然失却还在水里,喜喜喜终防否获得骊龙颔下珠忽然失却还在水里,,"[3, 3, 7, 4, 4]",5
101,完全一致,True,True,国有贤士，廷无佞臣，干戈不用，常享太平。,國有賢士廷無佞臣干戈不用常享太平,国有贤士廷无佞臣干戈不用常享太平,国有贤士廷无佞臣干戈不用常享太平,,"[4, 4, 4, 4]",4
102,真正差异,False,False,泰来否已极，诸事莫忧心，但须堷养元福，做些好事，行些方便，一点丹灵独得真。,泰來否已極諸事莫憂心但須培養元福做些好事行些方便一點丹靈獨得真,泰来否已极诸事莫忧心但须堷养元福做些好事行些方便一点丹灵独得真,泰来否已极诸事莫忧心但须培养元福做些好事行些方便一点丹灵独得真,pos12: xlsx=堷(心但须堷养元福) csv=培(心但须培养元福),"[5, 5, 6, 4, 4, 7]",6
103,真正差异,False,False,民乐业，官吏清，雍熙之世复见于今，告诸人千秋鸿业，仗此望明君。,民樂業官吏清雍熙之世復見子今告諸人千秋鴻業仗此望明君,民乐业官吏清雍熙之世复见于今告诸人千秋鸿业仗此望明君,民乐业官吏清雍熙之世复见子今告诸人千秋鸿业仗此望明君,pos12: xlsx=于(世复见于今告诸) csv=子(世复见子今告诸),"[3, 3, 8, 7, 5]",5
104,真正差异,False,False,安如泰山，稳如磐石，放胆前行，中通外直。,安如泰山隱如盤石放膽前行中通外直,安如泰山稳如磐石放胆前行中通外直,安如泰山隐如盘石放胆前行中通外直,pos4: xlsx=稳(如泰山稳如磐石) csv=隐(如泰山隐如盘石); pos6: xlsx=磐(山稳如磐石放胆) csv=盘(山隐如盘石放胆),"[4, 4, 4, 4]",4
105,仅异体字,True,False,月中有丹桂，人终攀不着，云梯足下生，此际好落脚。,月中有丹桂人終攀不着雲梯足下生此際好落脚,月中有丹桂人终攀不着云梯足下生此际好落脚,月中有丹桂人终攀不着云梯足下生此际好落脚,,"[5, 5, 5, 5]",4
106,真正差异,False,False,天间一孤雁，嘹唳叹离群，试问知君者，而今有几人。,天間一狐雁嘹嚦歎離羣試問知君者而今有幾人,天间一孤雁嘹唳叹离群试问知君者而今有几人,天间一狐雁嘹呖叹离群试问知君者而今有几人,pos3: xlsx=孤(天间一孤雁嘹唳) csv=狐(天间一狐雁嘹呖); pos6: xlsx=唳(孤雁嘹唳叹离群) csv=呖(狐雁嘹呖叹离群),"[5, 5, 5, 5]",4
107,仅异体字,True,False,红叶无颜色，凋零一夜风，邻鸡醒午梦，心事总成空。,紅葉無顏色凋零一夜風鄰鷄醒午夢心事總成空,红叶无颜色凋零一夜风邻鸡醒午梦心事总成空,红叶无颜色凋零一夜风邻鸡醒午梦心事总成空,,"[5, 5, 5, 5]",4
108,真正差异,False,False,事如麻，理多错，日掩云中，空成耽搁。,事如麻理多錯日掩雲中空成擔擱,事如麻理多错日掩云中空成耽搁,事如麻理多错日掩云中空成担搁,pos12: xlsx=耽(中空成耽搁) csv=担(中空成担搁),"[3, 3, 4, 4]",4
109,完全一致,True,True,勿上旧辙，甘驾新车，东西南北，稳步康衢。,勿上舊轍甘駕新車東西南北穩步康衢,勿上旧辙甘驾新车东西南北稳步康衢,勿上旧辙甘驾新车东西南北稳步康衢,,"[4, 4, 4, 4]",4
110,完全一致,True,True,夜梦被鼠惊，醒来不见人，终宵废寝，直到天明。,夜夢被鼠驚醒來不見人終宵廢寢直到天明,夜梦被鼠惊醒来不见人终宵废寝直到天明,夜梦被鼠惊醒来不见人终宵废寝直到天明,,"[5, 5, 4, 4]",4
111,完全一致,True,True,秋霜肃，夏日炎，新花鲜了旧花淹，世情看冷暖，逢者不须言。,秋霜肅夏日炎新花鮮了舊花淹世情看冷暖逢者不須言,秋霜肃夏日炎新花鲜了旧花淹世情看冷暖逢者不须言,秋霜肃夏日炎新花鲜了旧花淹世情看冷暖逢者不须言,,"[3, 3, 7, 5, 5]",5
112,真正差异,False,False,未展英雄志，驰驱不惮劳，敢将休咎卜，西北夺前标。,來展英雄志馳驅不憚勞敢將休咎卜西北奪前標,未展英雄志驰驱不惮劳敢将休咎卜西北夺前标,来展英雄志驰驱不惮劳敢将休咎卜西北夺前标,pos0: xlsx=未(未展英雄) csv=来(来展英雄),"[5, 5, 5, 5]",4
113,真正差异,False,False,痾染沉沉，终日昏昏，雷门一震，体健身轻。,疴染沉沉終日昏昏雷門一震體健身輕,痾染沉沉终日昏昏雷门一震体健身轻,疴染沉沉终日昏昏雷门一震体健身轻,pos0: xlsx=痾(痾染沉沉) csv=疴(疴染沉沉),"[4, 4, 4, 4]",4
114,真正差异,False,False,易非易，难非难，忽地起波澜，欢笑两三番。,易花易難非難忽地起波瀾歡笑兩三番,易非易难非难忽地起波澜欢笑两三番,易花易难非难忽地起波澜欢笑两三番,pos1: xlsx=非(易非易难非) csv=花(易花易难非),"[3, 3, 5, 5]",4
115,真正差异,False,False,路不通，门闭塞，谨慎提防，云藏月黑。,路不通門閉塞謹慎隄防雲藏月黑,路不通门闭塞谨慎提防云藏月黑,路不通门闭塞谨慎隄防云藏月黑,pos8: xlsx=提(塞谨慎提防云藏) csv=隄(塞谨慎隄防云藏),"[3, 3, 4, 4]",4
116,完全一致,True,True,蜗角蝇头利，而今已变通，草头人笑汝，宜始不宜终。,蝸角蠅頭利而今已變通草頭人笑汝宜始不宜終,蜗角蝇头利而今已变通草头人笑汝宜始不宜终,蜗角蝇头利而今已变通草头人笑汝宜始不宜终,,"[5, 5, 5, 5]",4
117,真正差异,False,False,珠玉走盘中，田园定阜丰，休言谋未遂，此去便亨通。,珠王走盤中田園定阜豐休言謀未遂此去便亨通,珠玉走盘中田园定阜丰休言谋未遂此去便亨通,珠王走盘中田园定阜丰休言谋未遂此去便亨通,pos1: xlsx=玉(珠玉走盘中) csv=王(珠王走盘中),"[5, 5, 5, 5]",4
118,真正差异,False,False,月已明，花再发，事悠悠，无不合。,月已明花最發事悠悠無不合,月已明花再发事悠悠无不合,月已明花最发事悠悠无不合,pos4: xlsx=再(已明花再发事悠) csv=最(已明花最发事悠),"[3, 3, 3, 3]",4
119,完全一致,True,True,朦胧秋月映朱门，林外鸟声远寺僧，自有贵人来接引，何须巧语似流莺。,朦朧秋月映朱門林外鳥聲遠寺僧自有貴人來接引何須巧語似流鶯,朦胧秋月映朱门林外鸟声远寺僧自有贵人来接引何须巧语似流莺,朦胧秋月映朱门林外鸟声远寺僧自有贵人来接引何须巧语似流莺,,"[7, 7, 7, 7]",4
120,真正差异,False,False,事未宽，心不安，疑虑久，始安然。,事末寬心不安疑慮久始安然,事未宽心不安疑虑久始安然,事末宽心不安疑虑久始安然,pos1: xlsx=未(事未宽心不) csv=末(事末宽心不),"[3, 3, 3, 3]",4
121,仅异体字,True,False,虚名虚位久沉沉，禄马当求未见真，一片彩云秋后至，去年风物一时新。,虚名虛位久沉沉禄馬當求未見真一片彩雲秋後至去年風物一時新,虚名虚位久沉沉禄马当求未见真一片彩云秋后至去年风物一时新,虚名虚位久沉沉禄马当求未见真一片彩云秋后至去年风物一时新,,"[7, 7, 7, 7]",4
122,完全一致,True,True,止止止，有终有始，似月如花，守成而已。,止止止有終有始似月如花守成而已,止止止有终有始似月如花守成而已,止止止有终有始似月如花守成而已,,"[3, 4, 4, 4]",4
123,完全一致,True,True,明月全圆，颜色欣然，风云相送，和合万年。,明月全圓顏色欣然風雲相送和合萬年,明月全圆颜色欣然风云相送和合万年,明月全圆颜色欣然风云相送和合万年,,"[4, 4, 4, 4]",4
124,真正差异,False,False,宝镜新，照两人，心中结，合同心。,寶鏡親照兩人心中結合同心,宝镜新照两人心中结合同心,宝镜亲照两人心中结合同心,pos2: xlsx=新(宝镜新照两人) csv=亲(宝镜亲照两人),"[3, 3, 3, 3]",4
125,完全一致,True,True,居下不亲上，人心易散离，事机终失一，凡百尽成灰。,居下不親上人心易散離事機終失一凡百盡成灰,居下不亲上人心易散离事机终失一凡百尽成灰,居下不亲上人心易散离事机终失一凡百尽成灰,,"[5, 5, 5, 5]",4
126,真正差异,False,False,兀兀尘埃久待时，幽窗寂静有谁知，若逢青紫人相引，财利功名自可期。,元兀塵埃久待時幽窗寂静有誰知若逢青紫人相引財利功名自可,兀兀尘埃久待时幽窗寂静有谁知若逢青紫人相引财利功名自可期,元兀尘埃久待时幽窗寂静有谁知若逢青紫人相引财利功名自可,pos0: xlsx=兀(兀兀尘埃) csv=元(元兀尘埃); pos27: xlsx=期(名自可期) csv=<无>(名自可),"[7, 7, 7, 7]",4
127,完全一致,True,True,虎伏在路途，行人莫乱呼，路旁须仔细，灾祸自然无。,虎伏在路途行人莫亂呼路旁須仔細災禍自然無,虎伏在路途行人莫乱呼路旁须仔细灾祸自然无,虎伏在路途行人莫乱呼路旁须仔细灾祸自然无,,"[5, 5, 5, 5]",4
128,仅异体字,True,False,和不和，同不同，翻云覆雨几成空，进退须防终少功。,和不和同不同翻雲覆雨几成空進退須防終少功,和不和同不同翻云覆雨几成空进退须防终少功,和不和同不同翻云覆雨几成空进退须防终少功,,"[3, 3, 7, 7]",4
129,完全一致,True,True,东边事，西边成，风物月华明，高楼弄笛声。,東邊事西邊成風物月華明高樓弄笛聲,东边事西边成风物月华明高楼弄笛声,东边事西边成风物月华明高楼弄笛声,,"[3, 3, 5, 5]",4
130,真正差异,False,False,事团圆，物周旋，一来一往，平步青天。,事團團物周旋一來一往平步青天,事团圆物周旋一来一往平步青天,事团团物周旋一来一往平步青天,pos2: xlsx=圆(事团圆物周旋) csv=团(事团团物周旋),"[3, 3, 4, 4]",4
131,真正差异,False,False,浅水起风波，平地生荆棘，言语虑参商，犹恐无端的。,漫水起風波平地生荆棘言語慮參商猶恐無端的,浅水起风波平地生荆棘言语虑参商犹恐无端的,漫水起风波平地生荆棘言语虑参商犹恐无端的,pos0: xlsx=浅(浅水起风) csv=漫(漫水起风),"[5, 5, 5, 5]",4
132,真正差异,False,False,秋月云开后，薰风雨过时，若逢楚国旧知己，等闲一荐不须疑。,秋月雲開後薰風雨過時若逢楚國舊知已等閒一薦不須疑,秋月云开后薰风雨过时若逢楚国旧知己等闲一荐不须疑,秋月云开后薰风雨过时若逢楚国旧知已等闲一荐不须疑,pos16: xlsx=己(国旧知己等闲一) csv=已(国旧知已等闲一),"[5, 5, 7, 7]",4
133,仅异体字,True,False,心已定，事何忧，金鳞已上钩，功名一网收。,心已定事何憂金鱗已上鈎功名一網收,心已定事何忧金鳞已上钩功名一网收,心已定事何忧金鳞已上钩功名一网收,,"[3, 3, 5, 5]",4
134,完全一致,True,True,意迷己不迷，事宽心不宽，要知端的信，犹隔两重山。,意迷己不迷事寬心不寬要知端的信猶隔兩重山,意迷己不迷事宽心不宽要知端的信犹隔两重山,意迷己不迷事宽心不宽要知端的信犹隔两重山,,"[5, 5, 5, 5]",4
135,完全一致,True,True,笑中生不足，内外见愁哭，云散月光辉，转祸当成福。,笑中生不足內外見愁哭雲散月光輝轉禍當成福,笑中生不足内外见愁哭云散月光辉转祸当成福,笑中生不足内外见愁哭云散月光辉转祸当成福,,"[5, 5, 5, 5]",4
136,真正差异,False,False,檐前鹊噪正翩翩，忧虑全消喜自然，一人进了一人退，下梢还有好姻缘。,簷前鵲噪正翩翩憂慮全消喜自然一人進了一人退下梢還有,檐前鹊噪正翩翩忧虑全消喜自然一人进了一人退下梢还有好姻缘,簷前鹊噪正翩翩忧虑全消喜自然一人进了一人退下梢还有,pos0: xlsx=檐(檐前鹊噪) csv=簷(簷前鹊噪); pos25: xlsx=好(梢还有好姻缘) csv=<无>(梢还有); pos26: xlsx=姻(还有好姻缘) csv=<无>(还有); pos27: xlsx=缘(有好姻缘) csv=<无>(有),"[7, 7, 7, 7]",4
137,仅异体字,True,False,荆棘生平地，风波起四方，倚栏惆怅望，无语对斜阳。,荆棘生平地風波起四方倚欄惆悵望無語對斜陽,荆棘生平地风波起四方倚栏惆怅望无语对斜阳,荆棘生平地风波起四方倚栏惆怅望无语对斜阳,,"[5, 5, 5, 5]",4
138,完全一致,True,True,谋已定，事何忧，照月上重楼，云中客点头。,謀已定事何憂照月上重樓雲中客點頭,谋已定事何忧照月上重楼云中客点头,谋已定事何忧照月上重楼云中客点头,,"[3, 3, 5, 5]",4
139,完全一致,True,True,奇奇奇，地利与天时，灯花传信后，动静总相宜。,奇奇奇地利與天時燈花傳信後動靜總相宜,奇奇奇地利与天时灯花传信后动静总相宜,奇奇奇地利与天时灯花传信后动静总相宜,,"[3, 5, 5, 5]",4
140,真正差异,False,False,遇不遇，逢不逢，月沉海底，人在梦中。,遇不遇逢不逢月沈海底人在夢中,遇不遇逢不逢月沉海底人在梦中,遇不遇逢不逢月沈海底人在梦中,pos7: xlsx=沉(不逢月沉海底人) csv=沈(不逢月沈海底人),"[3, 3, 4, 4]",4
141,完全一致,True,True,暗中防霹雳，猜虑浑无实，转眼黑云收，拥出扶桑日。,暗中防霹靂猜慮渾無實轉眼黑雲收擁出扶桑日,暗中防霹雳猜虑浑无实转眼黑云收拥出扶桑日,暗中防霹雳猜虑浑无实转眼黑云收拥出扶桑日,,"[5, 5, 5, 5]",4
142,真正差异,False,False,利在中邦出战时，一番获馈在王庭，凤衔丹诏归阳畔，得享佳名四海荣。,利在中邦出戰征一番獲醜在王庭鳳啣丹詔歸陽畔得享佳名四海榮,利在中邦出战时一番获馈在王庭凤衔丹诏归阳畔得享佳名四海荣,利在中邦出战征一番获丑在王庭凤啣丹诏归阳畔得享佳名四海荣,pos6: xlsx=时(邦出战时一番获) csv=征(邦出战征一番获); pos10: xlsx=馈(一番获馈在王庭) csv=丑(一番获丑在王庭); pos15: xlsx=衔(王庭凤衔丹诏归) csv=啣(王庭凤啣丹诏归),"[7, 7, 7, 7]",4
143,真正差异,False,False,堪叹外边忧，更嗟门里闹，意绪更牵缠，心神亦颠倒。,堪歎外邊憂更嗟門裡鬧意緒更牽缠心神亦顛到,堪叹外边忧更嗟门里闹意绪更牵缠心神亦颠倒,堪叹外边忧更嗟门里闹意绪更牵缠心神亦颠到,pos19: xlsx=倒(神亦颠倒) csv=到(神亦颠到),"[5, 5, 5, 5]",4
144,真正差异,False,False,一重山一重水，风波道坦然，壸中有别天。,一重水一重山風波道坦然壺中别有天,一重山一重水风波道坦然壸中有别天,一重水一重山风波道坦然壶中别有天,pos2: xlsx=山(一重山一重水) csv=水(一重水一重山); pos5: xlsx=水(山一重水风波道) csv=山(水一重山风波道); pos11: xlsx=壸(道坦然壸中有别) csv=壶(道坦然壶中别有); pos13: xlsx=有(然壸中有别天) csv=别(然壶中别有天); pos14: xlsx=别(壸中有别天) csv=有(壶中别有天),"[6, 5, 5]",3
145,完全一致,True,True,遇险不须忧，风波何足忌，若遇草头人，咫尺青云路。,遇險不須憂風波何足忌若遇草頭人咫尺青雲路,遇险不须忧风波何足忌若遇草头人咫尺青云路,遇险不须忧风波何足忌若遇草头人咫尺青云路,,"[5, 5, 5, 5]",4
146,真正差异,False,False,船棹中流急，花开春又离，事宁心不静，惹起许多疑。,船棹中流急花開春又逢事寧心不静惹起許多疑,船棹中流急花开春又离事宁心不静惹起许多疑,船棹中流急花开春又逢事宁心不静惹起许多疑,pos9: xlsx=离(开春又离事宁心) csv=逢(开春又逢事宁心),"[5, 5, 5, 5]",4
147,完全一致,True,True,可蓄可储，片玉寸珠，停停稳稳，前遇良图。,可蓄可儲片玉寸珠停停穩穩前遇良圖,可蓄可储片玉寸珠停停稳稳前遇良图,可蓄可储片玉寸珠停停稳稳前遇良图,,"[4, 4, 4, 4]",4
148,真正差异,False,False,小子早趋庭，青云久问程，贵人来助力，花谢子还成。,小子早趨庭青雲久問程貴人來助力花謝子還成O,小子早趋庭青云久问程贵人来助力花谢子还成,小子早趋庭青云久问程贵人来助力花谢子还成O,pos20: xlsx=<无>(子还成) csv=O(子还成O),"[5, 5, 5, 5]",4
149,完全一致,True,True,一心两事，一事两心，新花枯树，直待交春。,一心兩事一事兩心新花枯樹直待交春,一心两事一事两心新花枯树直待交春,一心两事一事两心新花枯树直待交春,,"[4, 4, 4, 4]",4
150,完全一致,True,True,大事恐难图；残花不再鲜。,大事恐難圖殘花不再鮮,大事恐难图残花不再鲜,大事恐难图残花不再鲜,,"[5, 5]",2
151,真正差异,False,False,莫道事无讹，其中进退多，桂轮圆又缺，光彩更揩磨。,莫道事無訛其中進退多桂輪圆又缺光彩更楷磨,莫道事无讹其中进退多桂轮圆又缺光彩更揩磨,莫道事无讹其中进退多桂轮圆又缺光彩更楷磨,pos18: xlsx=揩(光彩更揩磨) csv=楷(光彩更楷磨),"[5, 5, 5, 5]",4
152,真正差异,False,False,莫叹事迟留，休言不到头，长竿终入手，一钓上金钩。,莫數事遲留休言不到頭長竿終入手一釣上金鈎,莫叹事迟留休言不到头长竿终入手一钓上金钩,莫数事迟留休言不到头长竿终入手一钓上金钩,pos1: xlsx=叹(莫叹事迟留) csv=数(莫数事迟留),"[5, 5, 5, 5]",4
153,仅异体字,True,False,事称应有忌，未为恐先踬，欲往且迟迟，还须借势力。,事稱應有忌未為恐先躓欲往且遲遲還須借勢力,事称应有忌未为恐先踬欲往且迟迟还须借势力,事称应有忌未为恐先踬欲往且迟迟还须借势力,,"[5, 5, 5, 5]",4
154,仅异体字,True,False,足不安，舆不安，两两事相得，忧来却又欢。,足不安輿不安兩兩事相得憂來却又歡,足不安舆不安两两事相得忧来却又欢,足不安舆不安两两事相得忧来却又欢,,"[3, 3, 5, 5]",4
155,仅异体字,True,False,鼎折足，车脱辐，有贵人，重整续。,鼎折足車脱輻有貴人重整續,鼎折足车脱辐有贵人重整续,鼎折足车脱辐有贵人重整续,,"[3, 3, 3, 3]",4
156,完全一致,True,True,参详言语，波涛扬沸，事久无伤，时间不利。,參詳言語波濤揚沸事久無傷時間不利,参详言语波涛扬沸事久无伤时间不利,参详言语波涛扬沸事久无伤时间不利,,"[4, 4, 4, 4]",4
157,仅异体字,True,False,贵客自相亲，功名唾手成，获金须积德，仰望太阳升。,貴客自相親功名唾手成獲金須積德仰望太陽升,贵客自相亲功名唾手成获金须积德仰望太阳升,贵客自相亲功名唾手成获金须积德仰望太阳升,,"[5, 5, 5, 5]",4
158,完全一致,True,True,平地起波澜，所求事日难，笑谈终有忌，同心事觉欢。,平地起波瀾所求事日難笑談終有忌同心事覺歡,平地起波澜所求事日难笑谈终有忌同心事觉欢,平地起波澜所求事日难笑谈终有忌同心事觉欢,,"[5, 5, 5, 5]",4
159,真正差异,False,False,狂风吹起墨云飞，月在天心遮不得，闲时无事暂相关，到底依然无克剥。,狂風吹起墨雲飛月在天心遮不得閒時無事暫相關到底依然無尅剝,狂风吹起墨云飞月在天心遮不得闲时无事暂相关到底依然无克剥,狂风吹起墨云飞月在天心遮不得闲时无事暂相关到底依然无尅剥,pos26: xlsx=克(依然无克剥) csv=尅(依然无尅剥),"[7, 7, 7, 7]",4
160,完全一致,True,True,人倚楼，许多愁，澹然进步，事始无忧。,人倚樓許多愁澹然進步事始無憂,人倚楼许多愁澹然进步事始无忧,人倚楼许多愁澹然进步事始无忧,,"[3, 3, 4, 4]",4
161,真正差异,False,False,一点着阳春，枯枝朵朵新，志专方遇合，切忌二三心。,一點着陽春枯枝朶朶新志專方遇合切忌二三心,一点着阳春枯枝朵朵新志专方遇合切忌二三心,一点着阳春枯枝朶朶新志专方遇合切忌二三心,pos7: xlsx=朵(春枯枝朵朵新志) csv=朶(春枯枝朶朶新志); pos8: xlsx=朵(枯枝朵朵新志专) csv=朶(枯枝朶朶新志专),"[5, 5, 5, 5]",4
162,仅异体字,True,False,道路迢遥，门庭闭塞，雾拥去兮，云开见日。,道路迢遥門庭閉塞霧擁去兮雲開見日,道路迢遥门庭闭塞雾拥去兮云开见日,道路迢遥门庭闭塞雾拥去兮云开见日,,"[4, 4, 4, 4]",4
163,仅异体字,True,False,鱼上钩，丝纶弱，收拾难，力再着。,魚上鈎絲綸弱收拾難力再着,鱼上钩丝纶弱收拾难力再着,鱼上钩丝纶弱收拾难力再着,,"[3, 3, 3, 3]",4
164,仅异体字,True,False,相引更相牵，殷勤喜自然，施为无不利，愁事转团圆。,相引更相牽殷勤喜自然施為無不利愁事轉團圓,相引更相牵殷勤喜自然施为无不利愁事转团圆,相引更相牵殷勤喜自然施为无不利愁事转团圆,,"[5, 5, 5, 5]",4
165,仅异体字,True,False,疑疑疑，一番笑罢一番悲，落红满地无人扫，独对西风怅黛眉。,疑疑疑一番笑罷一番悲落紅满地無人掃獨對西風悵黛眉,疑疑疑一番笑罢一番悲落红满地无人扫独对西风怅黛眉,疑疑疑一番笑罢一番悲落红满地无人扫独对西风怅黛眉,,"[3, 7, 7, 7]",4
166,完全一致,True,True,上下不和同，劳而未有功，出门通大道，从此保初终。,上下不和同勞而未有功出門通大道從此保初終,上下不和同劳而未有功出门通大道从此保初终,上下不和同劳而未有功出门通大道从此保初终,,"[5, 5, 5, 5]",4
167,完全一致,True,True,大事可成功，有益还无咎，云中执鞭人，报在三秋后）。,大事可成功有益還無咎雲中執鞭人報在三秋後,大事可成功有益还无咎云中执鞭人报在三秋后,大事可成功有益还无咎云中执鞭人报在三秋后,,"[5, 5, 5, 5]",5
168,完全一致,True,True,桑榆催暮景，缺月恐难圆，若遇刀锥客，方知喜自然。,桑榆催暮景缺月恐難圓若遇刀錐客方知喜自然,桑榆催暮景缺月恐难圆若遇刀锥客方知喜自然,桑榆催暮景缺月恐难圆若遇刀锥客方知喜自然,,"[5, 5, 5, 5]",4
169,真正差异,False,False,遍书前后事，艰险往来难，若得清风便，扁舟过远山。,遍書前前事艱險往來難若得清風便扁舟過遠山,遍书前后事艰险往来难若得清风便扁舟过远山,遍书前前事艰险往来难若得清风便扁舟过远山,pos3: xlsx=后(遍书前后事艰险) csv=前(遍书前前事艰险),"[5, 5, 5, 5]",4
170,仅异体字,True,False,莫叹残花，花开枯树，屋头春意，喜笑嘻嘻。,莫歎残花花開枯樹屋頭春意喜笑嘻嘻,莫叹残花花开枯树屋头春意喜笑嘻嘻,莫叹残花花开枯树屋头春意喜笑嘻嘻,,"[4, 4, 4, 4]",4
171,完全一致,True,True,一事总成空，一事还成喜，若遇口边人，心下堪凭委。,一事總成空一事還成喜若遇口邊人心下堪憑委,一事总成空一事还成喜若遇口边人心下堪凭委,一事总成空一事还成喜若遇口边人心下堪凭委,,"[5, 5, 5, 5]",4
172,真正差异,False,False,欲得月中兔，须凭桃李拂，高山来接引，双喜照双眉。,欲得月中兎須憑桃李拂高山來接引雙喜照雙眉,欲得月中兔须凭桃李拂高山来接引双喜照双眉,欲得月中兎须凭桃李拂高山来接引双喜照双眉,pos4: xlsx=兔(得月中兔须凭桃) csv=兎(得月中兎须凭桃),"[5, 5, 5, 5]",4
173,仅异体字,True,False,事遂勿忧煎，春风喜自然，更垂三尺钩，得意获鳞鲜。,事遂勿憂煎春風喜自然更垂三尺鈎得意獲鳞鮮,事遂勿忧煎春风喜自然更垂三尺钩得意获鳞鲜,事遂勿忧煎春风喜自然更垂三尺钩得意获鳞鲜,,"[5, 5, 5, 5]",4
174,完全一致,True,True,圆又缺，缺又圆，低低密密要周旋，时来始见缘。,圓又缺缺又圓低低密密要周旋時來始見緣,圆又缺缺又圆低低密密要周旋时来始见缘,圆又缺缺又圆低低密密要周旋时来始见缘,,"[3, 3, 7, 5]",4
175,真正差异,False,False,乘病马，上危坡，防失跌，见蹉跎。,乘病馬上危坡防失跌見嗟跎,乘病马上危坡防失跌见蹉跎,乘病马上危坡防失跌见嗟跎,pos10: xlsx=蹉(失跌见蹉跎) csv=嗟(失跌见嗟跎),"[3, 3, 3, 3]",4
176,真正差异,False,False,两事已和同，轻舟遇便风，道迷人得意，歌唱急流中。,雨事己和同輕舟遇便風道迷人得意歌唱急流中,两事已和同轻舟遇便风道迷人得意歌唱急流中,雨事己和同轻舟遇便风道迷人得意歌唱急流中,pos0: xlsx=两(两事已和) csv=雨(雨事己和); pos2: xlsx=已(两事已和同轻) csv=己(雨事己和同轻),"[5, 5, 5, 5]",4
177,完全一致,True,True,白玉蒙尘，黄金埋土，久久光辉，也须人举。,白玉蒙塵黃金埋土久久光輝也須人舉,白玉蒙尘黄金埋土久久光辉也须人举,白玉蒙尘黄金埋土久久光辉也须人举,,"[4, 4, 4, 4]",4
178,真正差异,False,False,上接不稳，下接不和，相缠相扰，平地风波。,上接不穩下接不和相纏相擾年地風波,上接不稳下接不和相缠相扰平地风波,上接不稳下接不和相缠相扰年地风波,pos12: xlsx=平(缠相扰平地风波) csv=年(缠相扰年地风波),"[4, 4, 4, 4]",4
179,真正差异,False,False,背后笑嘻嘻，中行道最宜，所求终有望，不必皱双眉。,背後笑喜嘻中行道最宜所求終有望不必皺雙眉,背后笑嘻嘻中行道最宜所求终有望不必皱双眉,背后笑喜嘻中行道最宜所求终有望不必皱双眉,pos3: xlsx=嘻(背后笑嘻嘻中行) csv=喜(背后笑喜嘻中行),"[5, 5, 5, 5]",4
180,真正差异,False,False,憔悴无人问，林间听杜鹃，一声山月笛，千里泪涓涓。,憔悴無人間林間聽杜鵑一聲山月笛千里淚涓涓,憔悴无人问林间听杜鹃一声山月笛千里泪涓涓,憔悴无人间林间听杜鹃一声山月笛千里泪涓涓,pos4: xlsx=问(悴无人问林间听) csv=间(悴无人间林间听),"[5, 5, 5, 5]",4
181,仅异体字,True,False,菱荷香里受深恩，桂魄圆时印绶新，从此威名山岳重，光辉直上位丝纶。,菱荷香裏受深恩桂魄圓時印綬新從此威名山岳重光輝直上位絲綸,菱荷香里受深恩桂魄圆时印绶新从此威名山岳重光辉直上位丝纶,菱荷香里受深恩桂魄圆时印绶新从此威名山岳重光辉直上位丝纶,,"[7, 7, 7, 7]",4
182,完全一致,True,True,花落正逢春，行人在半程，事成还不就，索绊两三旬。,花落正逢春行人在半程事成還不就索絆兩三旬,花落正逢春行人在半程事成还不就索绊两三旬,花落正逢春行人在半程事成还不就索绊两三旬,,"[5, 5, 5, 5]",4
183,仅异体字,True,False,欲行还止，徘徊不已，动摇莫强，得止且止。,欲行還止徘徊不已動摇莫强得止且止,欲行还止徘徊不已动摇莫强得止且止,欲行还止徘徊不已动摇莫强得止且止,,"[4, 4, 4, 4]",4
184,真正差异,False,False,心下事安然，周旋尚未全，逢龙还有吉，人月永团圆。,心下事安然周旋尚未金逢龍還有吉人月永團圓,心下事安然周旋尚未全逢龙还有吉人月永团圆,心下事安然周旋尚未金逢龙还有吉人月永团圆,pos9: xlsx=全(旋尚未全逢龙还) csv=金(旋尚未金逢龙还),"[5, 5, 5, 5]",4
185,真正差异,False,False,梦里说关山，波深下钓难，利名终有望，目下未开颜。,夢裏說關出波深下釣難利名終有望目下未開顏,梦里说关山波深下钓难利名终有望目下未开颜,梦里说关出波深下钓难利名终有望目下未开颜,pos4: xlsx=山(里说关山波深下) csv=出(里说关出波深下),"[5, 5, 5, 5]",4
186,真正差异,False,False,三箭开云路，营求指日成，许多闲口语，翻作笑歌声。,三前開雲路營求指日成許多閑口語翻作笑歌聲,三箭开云路营求指日成许多闲口语翻作笑歌声,三前开云路营求指日成许多闲口语翻作笑歌声,pos1: xlsx=箭(三箭开云路) csv=前(三前开云路),"[5, 5, 5, 5]",4
187,真正差异,False,False,休眷恋，误前程，终闹乱，出门庭。,休春戀誤前程終鬧亂出門庭,休眷恋误前程终闹乱出门庭,休春恋误前程终闹乱出门庭,pos1: xlsx=眷(休眷恋误前) csv=春(休春恋误前),"[3, 3, 3, 3]",4
188,真正差异,False,False,万里波涛静，一天风月闲，利名无阻隔，行路出重关。,萬呈波濤静一天風月閒利名無阻隔行路出重闕,万里波涛静一天风月闲利名无阻隔行路出重关,万呈波涛静一天风月闲利名无阻隔行路出重阙,pos1: xlsx=里(万里波涛静) csv=呈(万呈波涛静); pos19: xlsx=关(路出重关) csv=阙(路出重阙),"[5, 5, 5, 5]",4
189,仅异体字,True,False,渴望梅，饥画饼，漫劳心，如捉影，遇虎龙，方可省。,渴望梅饑畫餅漫勞心如捉影遇虎龍方可省,渴望梅饥画饼漫劳心如捉影遇虎龙方可省,渴望梅饥画饼漫劳心如捉影遇虎龙方可省,,"[3, 3, 3, 3, 3, 3]",6
190,真正差异,False,False,事迷心不迷，事宽心不宽，一场欢喜会，不久出重关。,事述心不迷事寬心不寬一場歡喜會不久出重關,事迷心不迷事宽心不宽一场欢喜会不久出重关,事述心不迷事宽心不宽一场欢喜会不久出重关,pos1: xlsx=迷(事迷心不迷) csv=述(事述心不迷),"[5, 5, 5, 5]",4
191,完全一致,True,True,夜半渡无船，惊涛恐拍天，月斜云淡处，音信有人传。,夜半渡無船驚濤恐拍天月斜雲淡處音信有人傳,夜半渡无船惊涛恐拍天月斜云淡处音信有人传,夜半渡无船惊涛恐拍天月斜云淡处音信有人传,,"[5, 5, 5, 5]",4
192,真正差异,False,False,事苦羁留，人不出头，往来闭塞，要见无有。,事若羈留人不出頭往來閉塞要見無有,事苦羁留人不出头往来闭塞要见无有,事若羁留人不出头往来闭塞要见无有,pos1: xlsx=苦(事苦羁留人) csv=若(事若羁留人),"[4, 4, 4, 4]",4
193,仅异体字,True,False,万里片帆转，波平浪不惊，行行无阻滞，远处更通津。,萬里片帆轉波平浪不驚行行無阻滞遠處更通津,万里片帆转波平浪不惊行行无阻滞远处更通津,万里片帆转波平浪不惊行行无阻滞远处更通津,,"[5, 5, 5, 5]",4
194,真正差异,False,False,身历惊涛，东风便好，太平身退，目下还早。,身歷驚濤東風便好大平身退目下還早,身历惊涛东风便好太平身退目下还早,身历惊涛东风便好大平身退目下还早,pos8: xlsx=太(风便好太平身退) csv=大(风便好大平身退),"[4, 4, 4, 4]",4
195,完全一致,True,True,鹤自云中出，人从月下归，新欢盈脸上，不用皱双眉。,鶴自雲中出人從月下歸新歡盈臉上不用皺雙眉,鹤自云中出人从月下归新欢盈脸上不用皱双眉,鹤自云中出人从月下归新欢盈脸上不用皱双眉,,"[5, 5, 5, 5]",4
196,真正差异,False,False,深潭鱼可钓，幽谷鸟可罗，只用久长心，不用生疑惑。,深潭魚可釣幽谷烏可羅只用久長心不用生疑惑,深潭鱼可钓幽谷鸟可罗只用久长心不用生疑惑,深潭鱼可钓幽谷乌可罗只用久长心不用生疑惑,pos7: xlsx=鸟(钓幽谷鸟可罗只) csv=乌(钓幽谷乌可罗只),"[5, 5, 5, 5]",4
197,完全一致,True,True,进不安，退不可，上下相从，明珠一颗。,進不安退不可上下相從明珠一顆,进不安退不可上下相从明珠一颗,进不安退不可上下相从明珠一颗,,"[3, 3, 4, 4]",4
198,仅异体字,True,False,着着占先机，其中路不迷，目前无合意，乍免是和非。,着着占先機其中路不迷目前無合意乍免是和非,着着占先机其中路不迷目前无合意乍免是和非,着着占先机其中路不迷目前无合意乍免是和非,,"[5, 5, 5, 5]",4
199,完全一致,True,True,雀噪高枝上，行人古渡头，半途不了事，日暮转生愁。,雀噪高枝上行人古渡頭半途不了事日暮轉生愁,雀噪高枝上行人古渡头半途不了事日暮转生愁,雀噪高枝上行人古渡头半途不了事日暮转生愁,,"[5, 5, 5, 5]",4
200,完全一致,True,True,凿石得玉，淘沙得珠，眼前目下，何用踌躇。,鑿石得玉淘沙得珠眼前目下何用躊躇,凿石得玉淘沙得珠眼前目下何用踌躇,凿石得玉淘沙得珠眼前目下何用踌躇,,"[4, 4, 4, 4]",4
201,完全一致,True,True,无端风雨催春去，落尽枝头桃李花，桃畔有人歌且笑，知君心事乱如麻。,無端風雨催春去落盡枝頭桃李花桃畔有人歌且笑知君心事亂如麻,无端风雨催春去落尽枝头桃李花桃畔有人歌且笑知君心事乱如麻,无端风雨催春去落尽枝头桃李花桃畔有人歌且笑知君心事乱如麻,,"[7, 7, 7, 7]",4
202,真正差异,False,False,阆苑一时春，庭前花柳新，声传好信息，草木尽欣欣。,閬苑一時春庭前花柳新聲傳好信息草水盡欣欣,阆苑一时春庭前花柳新声传好信息草木尽欣欣,阆苑一时春庭前花柳新声传好信息草水尽欣欣,pos16: xlsx=木(信息草木尽欣欣) csv=水(信息草水尽欣欣),"[5, 5, 5, 5]",4
203,仅异体字,True,False,门外事重叠，阴人多遇合，贤女虽助巧，渺渺终难洽。,門外事重叠陰人多遇合賢女雖助巧渺渺終難洽,门外事重叠阴人多遇合贤女虽助巧渺渺终难洽,门外事重叠阴人多遇合贤女虽助巧渺渺终难洽,,"[5, 5, 5, 5]",4
204,真正差异,False,False,事有喜，面有光，终始好商量，壸中日月长。,事有喜面有光終始好商量壺中日月長,事有喜面有光终始好商量壸中日月长,事有喜面有光终始好商量壶中日月长,pos11: xlsx=壸(好商量壸中日月) csv=壶(好商量壶中日月),"[3, 3, 5, 5]",4
205,完全一致,True,True,暗去有明来，忧心事可谐，终须成一笑，目下莫疑猜。,暗去有明來憂心事可諧終須成一笑目下莫疑猜,暗去有明来忧心事可谐终须成一笑目下莫疑猜,暗去有明来忧心事可谐终须成一笑目下莫疑猜,,"[5, 5, 5, 5]",4
206,完全一致,True,True,宝镜无尘染，金貂已剪裁，也逢天意合，终不惹尘埃。,寶鏡無塵染金貂已剪裁也逢天意合終不惹塵埃,宝镜无尘染金貂已剪裁也逢天意合终不惹尘埃,宝镜无尘染金貂已剪裁也逢天意合终不惹尘埃,,"[5, 5, 5, 5]",4
207,完全一致,True,True,和合事，笑谈成，喜音在半程，平步踏青云。,和合事笑談成喜音在半程平步踏青雲,和合事笑谈成喜音在半程平步踏青云,和合事笑谈成喜音在半程平步踏青云,,"[3, 3, 5, 5]",4
208,仅异体字,True,False,花残月缺，镜破钗分，休来休往，事始安宁。,花殘月缺鏡破釵分休來休往事始安甯,花残月缺镜破钗分休来休往事始安宁,花残月缺镜破钗分休来休往事始安宁,,"[4, 4, 4, 4]",4
209,完全一致,True,True,门外好音来，生涯应有庆，名利有更迁，雁行终折阵。,門外好音來生涯應有慶名利有更遷雁行終折陣,门外好音来生涯应有庆名利有更迁雁行终折阵,门外好音来生涯应有庆名利有更迁雁行终折阵,,"[5, 5, 5, 5]",4
210,真正差异,False,False,万里好江山，风沙尽日间，已吞钩上饵，何必遇波澜。,萬里好江山風沙盡日閒巳吞鈎上餌何必遇波瀾,万里好江山风沙尽日间已吞钩上饵何必遇波澜,万里好江山风沙尽日闲巳吞钩上饵何必遇波澜,pos9: xlsx=间(沙尽日间已吞钩) csv=闲(沙尽日闲巳吞钩); pos10: xlsx=已(尽日间已吞钩上) csv=巳(尽日闲巳吞钩上),"[5, 5, 5, 5]",4
211,真正差异,False,False,双燕衔书舞，指日一齐来，寂寞淹留客，从兹下钓台。,雙燕啣書舞指日一齊來寂寞淹留客從兹下釣臺,双燕衔书舞指日一齐来寂寞淹留客从兹下钓台,双燕啣书舞指日一齐来寂寞淹留客从兹下钓台,pos2: xlsx=衔(双燕衔书舞指) csv=啣(双燕啣书舞指),"[5, 5, 5, 5]",4
212,真正差异,False,False,望去几重山，高深渐可攀，举头天上看，明月在人间。,望去幾重山高深漸可攀舉頭天上看明月出人間,望去几重山高深渐可攀举头天上看明月在人间,望去几重山高深渐可攀举头天上看明月出人间,pos17: xlsx=在(看明月在人间) csv=出(看明月出人间),"[5, 5, 5, 5]",4
213,真正差异,False,False,用之则行，舍之则藏，一骑出重关，佳音咫尺间。,用之則行舍之則藏一騎出重門佳音咫尺問,用之则行舍之则藏一骑出重关佳音咫尺间,用之则行舍之则藏一骑出重门佳音咫尺问,pos12: xlsx=关(骑出重关佳音咫) csv=门(骑出重门佳音咫); pos17: xlsx=间(音咫尺间) csv=问(音咫尺问),"[4, 4, 5, 5]",4
214,真正差异,False,False,积德施功有子孙，榖牛祭神及西邻，功名两字成全日，回首山河万物新。,積德施功有子孫穀牛祭神及西鄰功名兩字成全日回首山河為物新,积德施功有子孙榖牛祭神及西邻功名两字成全日回首山河万物新,积德施功有子孙谷牛祭神及西邻功名两字成全日回首山河为物新,pos7: xlsx=榖(有子孙榖牛祭神) csv=谷(有子孙谷牛祭神); pos25: xlsx=万(首山河万物新) csv=为(首山河为物新),"[7, 7, 7, 7]",4
215,真正差异,False,False,安坦路平夷，云中一雁飞，桃花逢骤雨，水畔女频啼。,安坦路平夷雲中一雁飛挑花逢驟兩水畔女頻啼,安坦路平夷云中一雁飞桃花逢骤雨水畔女频啼,安坦路平夷云中一雁飞挑花逢骤两水畔女频啼,pos10: xlsx=桃(一雁飞桃花逢骤) csv=挑(一雁飞挑花逢骤); pos14: xlsx=雨(花逢骤雨水畔女) csv=两(花逢骤两水畔女),"[5, 5, 5, 5]",4
216,完全一致,True,True,门内起干戈，亲仇两不和，朱衣??临日月，始觉笑呵呵。,門內起干戈親仇兩不和朱衣臨日月始覺笑呵呵,门内起干戈亲仇两不和朱衣临日月始觉笑呵呵,门内起干戈亲仇两不和朱衣临日月始觉笑呵呵,,"[5, 5, 2, 3, 5]",6
217,完全一致,True,True,有一人，获一鹿，事团圆，门外索。,有一人獲一鹿事團圓門外索,有一人获一鹿事团圆门外索,有一人获一鹿事团圆门外索,,"[3, 3, 3, 3]",4
218,完全一致,True,True,汝往无攸利，花开又及秋，严霜物荐至，退步不存留。,汝往無攸利花開又及秋嚴霜物薦至退步不存留,汝往无攸利花开又及秋严霜物荐至退步不存留,汝往无攸利花开又及秋严霜物荐至退步不存留,,"[5, 5, 5, 5]",4
219,真正差异,False,False,新月为钩，清风作线，举网烟波，锦鳞易见。,新月為鈎清風作綠舉網烟波錦鮮易見,新月为钩清风作线举网烟波锦鳞易见,新月为钩清风作绿举网烟波锦鲜易见,pos7: xlsx=线(清风作线举网烟) csv=绿(清风作绿举网烟); pos13: xlsx=鳞(烟波锦鳞易见) csv=鲜(烟波锦鲜易见),"[4, 4, 4, 4]",4
220,真正差异,False,False,先关锁，续提防，小节不知戒，因循成大殃。,先關鎖讀提防小節不知戒因循成大殃,先关锁续提防小节不知戒因循成大殃,先关锁读提防小节不知戒因循成大殃,pos3: xlsx=续(先关锁续提防小) csv=读(先关锁读提防小),"[3, 3, 5, 5]",4
221,真正差异,False,False,燕语莺啼，花开满院，倚栏春睡觉，无语敛愁颜。,燕語鶯啼花開滿院倚欄春睡覺無語歛愁顏,燕语莺啼花开满院倚栏春睡觉无语敛愁颜,燕语莺啼花开满院倚栏春睡觉无语歛愁颜,pos15: xlsx=敛(觉无语敛愁颜) csv=歛(觉无语歛愁颜),"[4, 4, 5, 5]",4
222,完全一致,True,True,劳心劳心，劳心有成，清风借力，欢笑前程。,勞心勞心勞心有成清風借力歡笑前程,劳心劳心劳心有成清风借力欢笑前程,劳心劳心劳心有成清风借力欢笑前程,,"[4, 4, 4, 4]",4
223,真正差异,False,False,进步且徘徊，春风柳絮吹，水边行客倦，枕畔有忧怀。,進步且徘徊春風柳絮吹水邊行客倦枕畔有愛懷,进步且徘徊春风柳絮吹水边行客倦枕畔有忧怀,进步且徘徊春风柳絮吹水边行客倦枕畔有爱怀,pos18: xlsx=忧(枕畔有忧怀) csv=爱(枕畔有爱怀),"[5, 5, 5, 5]",4
224,真正差异,False,False,玉石犹终昧，那堪小悔多，终无咎，笑呵呵。,玉石猶終味那堪小悔多終無咎笑呵呵,玉石犹终昧那堪小悔多终无咎笑呵呵,玉石犹终味那堪小悔多终无咎笑呵呵,pos4: xlsx=昧(石犹终昧那堪小) csv=味(石犹终味那堪小),"[5, 5, 3, 3]",4
225,仅异体字,True,False,垂翼遥天去，皆因避难行，一途经济意，又是满园春。,垂翼遥天去皆因避難行一途經濟意又是滿園春,垂翼遥天去皆因避难行一途经济意又是满园春,垂翼遥天去皆因避难行一途经济意又是满园春,,"[5, 5, 5, 5]",4
226,真正差异,False,False,佳信至，开笑颜，飞腾一去，拨云上天。,佳信至開笑顏飛騰一去披雲上天,佳信至开笑颜飞腾一去拨云上天,佳信至开笑颜飞腾一去披云上天,pos10: xlsx=拨(腾一去拨云上天) csv=披(腾一去披云上天),"[3, 3, 4, 4]",4
227,仅异体字,True,False,青毡空守旧，枝上巢生风，莫为一时喜，还疑此象凶。,青氈空守舊枝上巢生風莫為一時喜還疑此象凶,青毡空守旧枝上巢生风莫为一时喜还疑此象凶,青毡空守旧枝上巢生风莫为一时喜还疑此象凶,,"[5, 5, 5, 5]",4
228,仅异体字,True,False,莫言荆棘恶，终为鸾凤栖，目前应有待，何用早踌躇。,莫言荆棘惡終為鸞鳳棲目前應有待何用早躊躇,莫言荆棘恶终为鸾凤栖目前应有待何用早踌躇,莫言荆棘恶终为鸾凤栖目前应有待何用早踌躇,,"[5, 5, 5, 5]",4
229,完全一致,True,True,上下和，忧愁决，千嶂云，一轮月。,上下和憂愁決千嶂雲一輪月,上下和忧愁决千嶂云一轮月,上下和忧愁决千嶂云一轮月,,"[3, 3, 3, 3]",4
230,仅异体字,True,False,玉出昆冈石，舟离古渡滩，行藏终有望，用舍不为难。,玉出崑岡石舟離古渡灘行藏終有望用舍不為難,玉出昆冈石舟离古渡滩行藏终有望用舍不为难,玉出昆冈石舟离古渡滩行藏终有望用舍不为难,,"[5, 5, 5, 5]",4
231,完全一致,True,True,目下意难舒，有客来徐徐，金车虽历险，吝必有终与。,目下意難舒有客來徐徐金車雖歷險吝必有終與,目下意难舒有客来徐徐金车虽历险吝必有终与,目下意难舒有客来徐徐金车虽历险吝必有终与,,"[5, 5, 5, 5]",4
232,真正差异,False,False,可以寄，可以托，事迟迟，无舛错。,可以奇可以託事遲遲無舛錯,可以寄可以托事迟迟无舛错,可以奇可以托事迟迟无舛错,pos2: xlsx=寄(可以寄可以托) csv=奇(可以奇可以托),"[3, 3, 3, 3]",4
233,完全一致,True,True,恐惧忧煎，皆在目前，若逢明鉴，指破空传。,恐懼憂煎皆在目前若逢明鑑指破空傳,恐惧忧煎皆在目前若逢明鉴指破空传,恐惧忧煎皆在目前若逢明鉴指破空传,,"[4, 4, 4, 4]",4
234,完全一致,True,True,月掩云间，昏迷道路，云散月明，渐宜进步。,月掩雲間昏迷道路雲散月明漸宜進步,月掩云间昏迷道路云散月明渐宜进步,月掩云间昏迷道路云散月明渐宜进步,,"[4, 4, 4, 4]",4
235,真正差异,False,False,道路狂招呼，风波一点无，时乖心绪乱，全仗贵人扶。,道路在招呼風波一點無時乖心緒亂全仗貴人扶,道路狂招呼风波一点无时乖心绪乱全仗贵人扶,道路在招呼风波一点无时乖心绪乱全仗贵人扶,pos2: xlsx=狂(道路狂招呼风) csv=在(道路在招呼风),"[5, 5, 5, 5]",4
236,仅异体字,True,False,临渊放钩，清绝点埃，巨鳌随得，不用疑猜。,臨淵放鈎清絕點埃巨鰲隨得不用疑猜,临渊放钩清绝点埃巨鳌随得不用疑猜,临渊放钩清绝点埃巨鳌随得不用疑猜,,"[4, 4, 4, 4]",4
237,仅异体字,True,False,无中应有直，心事还成戚，云散月重圆，千里风帆急。,無中應有直心事還成戚雲散月重圆千里風帆急,无中应有直心事还成戚云散月重圆千里风帆急,无中应有直心事还成戚云散月重圆千里风帆急,,"[5, 5, 5, 5]",4
238,真正差异,False,False,造化生来信自然，师征千里福绵绵，功名得就神明助，蛇兔相逢定变迁。,造化生來信自然師征十里福綿綿功名得就神明助蛇兎相逢定變遷,造化生来信自然师征千里福绵绵功名得就神明助蛇兔相逢定变迁,造化生来信自然师征十里福绵绵功名得就神明助蛇兎相逢定变迁,pos9: xlsx=千(然师征千里福绵) csv=十(然师征十里福绵); pos22: xlsx=兔(明助蛇兔相逢定) csv=兎(明助蛇兎相逢定),"[7, 7, 7, 7]",4
239,完全一致,True,True,大仗神威，群魔消灭，灭了又须威，神威亦极力，牢牢记取，免致久后失跌。,大仗神威羣魔消滅滅了又須威神威亦極力牢牢記取免致久後失跌,大仗神威群魔消灭灭了又须威神威亦极力牢牢记取免致久后失跌,大仗神威群魔消灭灭了又须威神威亦极力牢牢记取免致久后失跌,,"[4, 4, 5, 5, 4, 6]",6
240,真正差异,False,False,道必坚心，坚心必道成，建功勋，早回程，造茅庵，修真身，一日飞升，仙班列名。,道必堅心堅心必道成建功勳旱回程造茅庵修真身一日飛升仙班列名,道必坚心坚心必道成建功勋早回程造茅庵修真身一日飞升仙班列名,道必坚心坚心必道成建功勋旱回程造茅庵修真身一日飞升仙班列名,pos12: xlsx=早(建功勋早回程造) csv=旱(建功勋旱回程造),"[4, 5, 3, 3, 3, 3, 4, 4]",8
241,完全一致,True,True,一念上天堂，一念入地狱，地狱天堂，便分荣辱，自立念头要真，不可随人碌碌。,一念上天堂一念入地獄地獄天堂便分榮辱自立念頭要真不可隨人碌碌,一念上天堂一念入地狱地狱天堂便分荣辱自立念头要真不可随人碌碌,一念上天堂一念入地狱地狱天堂便分荣辱自立念头要真不可随人碌碌,,"[5, 5, 4, 4, 6, 6]",6
242,完全一致,True,True,羊逸群，日对民，逢牛口，便咬人，一个君一个臣，君臣有些惊，须仗真神拯救苍生。,羊逸羣日對民逢牛口便咬人一個君一個臣君臣有些驚須仗真神拯救蒼生,羊逸群日对民逢牛口便咬人一个君一个臣君臣有些惊须仗真神拯救苍生,羊逸群日对民逢牛口便咬人一个君一个臣君臣有些惊须仗真神拯救苍生,,"[3, 3, 3, 3, 6, 5, 8]",7
243,仅异体字,True,False,若是有缘人，一指便回首，执迷不悟者，屡引也不走。,若是有緣人一指便回首執迷不悟者屡引也不走,若是有缘人一指便回首执迷不悟者屡引也不走,若是有缘人一指便回首执迷不悟者屡引也不走,,"[5, 5, 5, 5]",4
244,真正差异,False,False,月儿东升，清光可挹，万里无云，海天一碧。,月兒升東清光可挹萬里無雲海天一碧,月儿东升清光可挹万里无云海天一碧,月儿升东清光可挹万里无云海天一碧,pos2: xlsx=东(月儿东升清光) csv=升(月儿升东清光); pos3: xlsx=升(月儿东升清光可) csv=东(月儿升东清光可),"[4, 4, 4, 4]",4
245,真正差异,False,False,男儿若得封侯印，不负人间走一遭，功成身退烟霞啸傲，脱却紫罗袍，方是男儿道。,男兒若得封侯印不負人間走一邊功成身退煙霞嘯傲脱却紫羅袍方是男兒道,男儿若得封侯印不负人间走一遭功成身退烟霞啸傲脱却紫罗袍方是男儿道,男儿若得封侯印不负人间走一边功成身退烟霞啸傲脱却紫罗袍方是男儿道,pos13: xlsx=遭(间走一遭功成身) csv=边(间走一边功成身),"[7, 7, 8, 5, 5]",5
246,完全一致,True,True,心月狐狸，迷惑世人，世人不察，延久倾身。,心月狐狸迷惑世人世人不察延久傾身,心月狐狸迷惑世人世人不察延久倾身,心月狐狸迷惑世人世人不察延久倾身,,"[4, 4, 4, 4]",4
247,真正差异,False,False,蓦地狂风起，大树尽掀扬，枝叶未凋零，培植终无恙。,驀地狂風起大樹盡掀揚枝葉未凋零培埴終無恙,蓦地狂风起大树尽掀扬枝叶未凋零培植终无恙,蓦地狂风起大树尽掀扬枝叶未凋零培埴终无恙,pos16: xlsx=植(凋零培植终无恙) csv=埴(凋零培埴终无恙),"[5, 5, 5, 5]",4
248,仅异体字,True,False,虚日旺相，法要推寻，四围旋绕，对敌冲营。,虚日旺相法要推尋四圍旋繞對敵冲營,虚日旺相法要推寻四围旋绕对敌冲营,虚日旺相法要推寻四围旋绕对敌冲营,,"[4, 4, 4, 4]",4
249,仅异体字,True,False,荣枯早定莫嗟伤，辛苦他邦安享家乡，为他人作嫁衣裳，今日君尝，他年改调别人尝。,榮枯早定莫嗟傷辛苦他邦安享家鄉為他人作嫁衣裳今日君嘗他年改調别人嘗,荣枯早定莫嗟伤辛苦他邦安享家乡为他人作嫁衣裳今日君尝他年改调别人尝,荣枯早定莫嗟伤辛苦他邦安享家乡为他人作嫁衣裳今日君尝他年改调别人尝,,"[7, 8, 7, 4, 7]",5
250,完全一致,True,True,女儿大，喜临门，嫁良人，添子孙，同拜受，感皇恩。,女兒大喜臨門嫁良人添子孫同拜受感皇恩,女儿大喜临门嫁良人添子孙同拜受感皇恩,女儿大喜临门嫁良人添子孙同拜受感皇恩,,"[3, 3, 3, 3, 3, 3]",6
251,仅异体字,True,False,木生火，口不噤，疯癫作症，寒热相侵。,木生火口不噤瘋癫作症寒熱相侵,木生火口不噤疯癫作症寒热相侵,木生火口不噤疯癫作症寒热相侵,,"[3, 3, 4, 4]",4
252,完全一致,True,True,休休休，过了三年又六周，不猛省，祸到头。,休休休過了三年又六週不猛省禍到頭,休休休过了三年又六周不猛省祸到头,休休休过了三年又六周不猛省祸到头,,"[3, 7, 3, 3]",4
253,完全一致,True,True,槛栏起火，孽畜遭殃，预防得力，灭火成康。,檻欄起火孽畜遭殃預防得力滅火成康,槛栏起火孽畜遭殃预防得力灭火成康,槛栏起火孽畜遭殃预防得力灭火成康,,"[4, 4, 4, 4]",4
254,真正差异,False,False,已遂心头愿，始知志气伸，三山须把握，频频定太平。,已遂心頭願始知忘氣伸三山須把握頻頻定太平,已遂心头愿始知志气伸三山须把握频频定太平,已遂心头愿始知忘气伸三山须把握频频定太平,pos7: xlsx=志(愿始知志气伸三) csv=忘(愿始知忘气伸三),"[5, 5, 5, 5]",4
255,完全一致,True,True,福星照映，桂子香闻，满天星斗，光耀逼人。,福星照映桂子香聞滿天星斗光耀逼人,福星照映桂子香闻满天星斗光耀逼人,福星照映桂子香闻满天星斗光耀逼人,,"[4, 4, 4, 4]",4
256,真正差异,False,False,东南北将来成故墟，燕蓟地苍生无存济，若要大奋雄心，水源不知何处？,東南地將來自故墟燕薊地蒼生無存濟若要大奮雄心水源不知何處,东南北将来成故墟燕蓟地苍生无存济若要大奋雄心水源不知何处,东南地将来自故墟燕蓟地苍生无存济若要大奋雄心水源不知何处,pos2: xlsx=北(东南北将来成) csv=地(东南地将来自); pos5: xlsx=成(北将来成故墟燕) csv=自(地将来自故墟燕),"[8, 8, 6, 6]",4
257,完全一致,True,True,死有日，生有时，何事慢踌躇，飘然一往，心上无疑。,死有日生有時何事慢躊躇飄然一往心上無疑,死有日生有时何事慢踌躇飘然一往心上无疑,死有日生有时何事慢踌躇飘然一往心上无疑,,"[3, 3, 5, 4, 4]",5
258,完全一致,True,True,往来行僻处，猝然着一惊，豺狼若当道，斩灭方称心。,往來行僻處猝然着一驚豺狼若當道斬滅方稱心,往来行僻处猝然着一惊豺狼若当道斩灭方称心,往来行僻处猝然着一惊豺狼若当道斩灭方称心,,"[5, 5, 5, 5]",4
259,仅异体字,True,False,八门分八位，九星布九方，青赤黄白黑，五色卷锦装，交锋对垒，两两相当。,八門分八位九星布九方青赤黃白黑五色卷錦装交鋒對壘兩兩相當,八门分八位九星布九方青赤黄白黑五色卷锦装交锋对垒两两相当,八门分八位九星布九方青赤黄白黑五色卷锦装交锋对垒两两相当,,"[5, 5, 5, 5, 4, 4]",6
260,真正差异,False,False,终身不习上，在世却枉然，轮回不能免，永落深坑堑。,終身不習上在世却枉然輪廻不能永落深坑塹,终身不习上在世却枉然轮回不能免永落深坑堑,终身不习上在世却枉然轮廻不能永落深坑堑,pos11: xlsx=回(枉然轮回不能免) csv=廻(枉然轮廻不能永); pos14: xlsx=免(回不能免永落深) csv=永(廻不能永落深坑); pos15: xlsx=永(不能免永落深坑) csv=落(不能永落深坑堑); pos16: xlsx=落(能免永落深坑堑) csv=深(能永落深坑堑); pos17: xlsx=深(免永落深坑堑) csv=坑(永落深坑堑); pos18: xlsx=坑(永落深坑堑) csv=堑(落深坑堑); pos19: xlsx=堑(落深坑堑) csv=<无>(深坑堑),"[5, 5, 5, 5]",4
261,完全一致,True,True,两个子女，同到齐行，阴阳和合，谋作欢欣。,兩個子女同到齊行陰陽和合謀作歡欣,两个子女同到齐行阴阳和合谋作欢欣,两个子女同到齐行阴阳和合谋作欢欣,,"[4, 4, 4, 4]",4
262,完全一致,True,True,中有玄机赋，鸡鸣方显露，猛然悟禅关，打破君门路。,中有玄機賦雞鳴方顯露猛然悟禪關打破君門路,中有玄机赋鸡鸣方显露猛然悟禅关打破君门路,中有玄机赋鸡鸣方显露猛然悟禅关打破君门路,,"[5, 5, 5, 5]",4
263,真正差异,False,False,数尾金鱼吞饵，丝竿钓了回头，家食翻嫌太贵，五湖四海遨游。,數尾金魚吞餌絲竿釣了回頭家食翻嫌太費五湖四海遨遊,数尾金鱼吞饵丝竿钓了回头家食翻嫌太贵五湖四海遨游,数尾金鱼吞饵丝竿钓了回头家食翻嫌太费五湖四海遨游,pos17: xlsx=贵(翻嫌太贵五湖四) csv=费(翻嫌太费五湖四),"[6, 6, 6, 6]",4
264,完全一致,True,True,卯日儿出林，午时正福临，卯生于寅，方见天心。,卯日兒出林午時正福臨卯生於寅方見天心,卯日儿出林午时正福临卯生于寅方见天心,卯日儿出林午时正福临卯生于寅方见天心,,"[5, 5, 4, 4]",4
265,完全一致,True,True,日中不决，日到方明，一场好事，六耳同成。,日中不決日到方明一場好事六耳同成,日中不决日到方明一场好事六耳同成,日中不决日到方明一场好事六耳同成,,"[4, 4, 4, 4]",4
266,真正差异,False,False,狐宿是妖星，猿猴及树精，入山遇此曜，迷了性和心。,孤宿是妖星猿猴及樹精入山遇此曜迷了性和心,狐宿是妖星猿猴及树精入山遇此曜迷了性和心,孤宿是妖星猿猴及树精入山遇此曜迷了性和心,pos0: xlsx=狐(狐宿是妖) csv=孤(孤宿是妖),"[5, 5, 5, 5]",4
267,仅异体字,True,False,滴漏声催鸡唱，趱行人逐队放，晚渡关津，前程无量。,滴漏聲催鷄唱趱行人逐隊放晚渡關津前程無量,滴漏声催鸡唱趱行人逐队放晚渡关津前程无量,滴漏声催鸡唱趱行人逐队放晚渡关津前程无量,,"[6, 6, 4, 4]",4
268,仅异体字,True,False,人在天涯外，久乏信音来，家人频望眼，草木畅胸怀。,人在天涯外久乏信音來家人频望眼草木暢胸懷,人在天涯外久乏信音来家人频望眼草木畅胸怀,人在天涯外久乏信音来家人频望眼草木畅胸怀,,"[5, 5, 5, 5]",4
269,真正差异,False,False,这颗树下，一穴生成，若迁此土，福禄骈臻。,這顆樹下一穴生成若遷此上福禄駢臻,这颗树下一穴生成若迁此土福禄骈臻,这颗树下一穴生成若迁此上福禄骈臻,pos11: xlsx=土(若迁此土福禄骈) csv=上(若迁此上福禄骈),"[4, 4, 4, 4]",4
270,仅异体字,True,False,躬耕陇亩，形神似劳，无拘无系，其乐陶陶。,躬耕隴畝形神似勞無拘無繫其樂陶陶,躬耕陇亩形神似劳无拘无系其乐陶陶,躬耕陇亩形神似劳无拘无系其乐陶陶,,"[4, 4, 4, 4]",4
271,仅异体字,True,False,祸来见鬼，鬼病淹缠，金羊得路，身脱灾殃。,禍來見鬼鬼病淹纏金羊得路身脱災殃,祸来见鬼鬼病淹缠金羊得路身脱灾殃,祸来见鬼鬼病淹缠金羊得路身脱灾殃,,"[4, 4, 4, 4]",4
272,仅异体字,True,False,急起行，急起行，前途去，结同盟，只手擎天柱，史册好标名。,急起行急起行前途去結同盟隻手擎天柱史册好標名,急起行急起行前途去结同盟只手擎天柱史册好标名,急起行急起行前途去结同盟只手擎天柱史册好标名,,"[3, 3, 3, 3, 5, 5]",6
273,真正差异,False,False,深山据猛虎，虎啸出山窝，扬威抖擞，何怕人多。,深山據猛虎虎嘯出山窩揚威抖搜何怕人多,深山据猛虎虎啸出山窝扬威抖擞何怕人多,深山据猛虎虎啸出山窝扬威抖搜何怕人多,pos13: xlsx=擞(扬威抖擞何怕人) csv=搜(扬威抖搜何怕人),"[5, 5, 4, 4]",4
274,真正差异,False,False,三天门，四地户，布阵成，明聚路，军马齐奔，鸣鼓进步。,三天門四地户布障成明聚路軍馬齊奔鳴鼓進步,三天门四地户布阵成明聚路军马齐奔鸣鼓进步,三天门四地户布障成明聚路军马齐奔鸣鼓进步,pos7: xlsx=阵(地户布阵成明聚) csv=障(地户布障成明聚),"[3, 3, 3, 3, 4, 4]",6
275,真正差异,False,False,山山山，山上建茅庵，不比人间栋宇，却如天上云昙。,山山小山上建茅菴不比人間棟宇却如天上雲曇,山山山山上建茅庵不比人间栋宇却如天上云昙,山山小山上建茅庵不比人间栋宇却如天上云昙,pos2: xlsx=山(山山山山上建) csv=小(山山小山上建),"[3, 5, 6, 6]",4
276,真正差异,False,False,来去原无定处，时来时去安身，跋涉无虑，荣辱不计。,來去原無定處時來時去安身跋涉無虞榮辱不計,来去原无定处时来时去安身跋涉无虑荣辱不计,来去原无定处时来时去安身跋涉无虞荣辱不计,pos15: xlsx=虑(跋涉无虑荣辱不) csv=虞(跋涉无虞荣辱不),"[6, 6, 4, 4]",4
277,真正差异,False,False,有子长，成水局，时遇火反发福，不必过忧煎，人心苦不足。,有子長成水扁時遇大反發福不必過憂前人心苦不足,有子长成水局时遇火反发福不必过忧煎人心苦不足,有子长成水扁时遇大反发福不必过忧前人心苦不足,pos5: xlsx=局(长成水局时遇火) csv=扁(长成水扁时遇大); pos8: xlsx=火(局时遇火反发福) csv=大(扁时遇大反发福); pos16: xlsx=煎(必过忧煎人心苦) csv=前(必过忧前人心苦),"[3, 3, 6, 5, 5]",5
278,仅异体字,True,False,黑夜里，勿前往，一有值，要着慌，牢牢记，须结党。,黑夜裡勿前往一有值要着慌牢牢記須結黨,黑夜里勿前往一有值要着慌牢牢记须结党,黑夜里勿前往一有值要着慌牢牢记须结党,,"[3, 3, 3, 3, 3, 3]",6
279,仅异体字,True,False,蛰龙已出世，头角首生成，云兴雨泽，得济苍生。,蛰龍已出世頭角首生成雲興雨澤得濟蒼生,蛰龙已出世头角首生成云兴雨泽得济苍生,蛰龙已出世头角首生成云兴雨泽得济苍生,,"[5, 5, 4, 4]",4
280,真正差异,False,False,火势薰天，天边尽赤，遇际水源，庶乎成格。,火勢薰天天邊盡赤遇際水源庶有底極,火势薰天天边尽赤遇际水源庶乎成格,火势薰天天边尽赤遇际水源庶有底极,pos13: xlsx=乎(水源庶乎成格) csv=有(水源庶有底极); pos14: xlsx=成(源庶乎成格) csv=底(源庶有底极); pos15: xlsx=格(庶乎成格) csv=极(庶有底极),"[4, 4, 4, 4]",4
281,真正差异,False,False,向南有大道，乘马入杭城，不知吴人唱，更有一知音。,向南有大道乘馬入杭城不和吳人唱更有一知音,向南有大道乘马入杭城不知吴人唱更有一知音,向南有大道乘马入杭城不和吴人唱更有一知音,pos11: xlsx=知(杭城不知吴人唱) csv=和(杭城不和吴人唱),"[5, 5, 5, 5]",4
282,仅异体字,True,False,有田一亩，尽可耕耘，无穷收获，都在西成。,有田一畝儘可耕耘無窮收獲都在西成,有田一亩尽可耕耘无穷收获都在西成,有田一亩尽可耕耘无穷收获都在西成,,"[4, 4, 4, 4]",4
283,真正差异,False,False,勿嫌儿无唇，疾足追不及，纳入猿穴中，走狗何处觅。,勿嫌兒無唇疾足追不及納入猨穴中走狗何處覓,勿嫌儿无唇疾足追不及纳入猿穴中走狗何处觅,勿嫌儿无唇疾足追不及纳入猨穴中走狗何处觅,pos12: xlsx=猿(及纳入猿穴中走) csv=猨(及纳入猨穴中走),"[5, 5, 5, 5]",4
284,真正差异,False,False,六牛耕地，垦开无疆，收成结实，盈禀盈仓。,六牛耕地墾開無疆收成結實盈廪盈倉,六牛耕地垦开无疆收成结实盈禀盈仓,六牛耕地垦开无疆收成结实盈廪盈仓,pos13: xlsx=禀(结实盈禀盈仓) csv=廪(结实盈廪盈仓),"[4, 4, 4, 4]",4
285,仅异体字,True,False,大奋冲天志，勿苦恋家乡，七八君行早，扬武在沙场。,大奮冲天志勿苦戀家鄉七八君行早揚武在沙場,大奋冲天志勿苦恋家乡七八君行早扬武在沙场,大奋冲天志勿苦恋家乡七八君行早扬武在沙场,,"[5, 5, 5, 5]",4
286,完全一致,True,True,葵花向日，忠赤倾心，大开广厦，乐享太平。,葵花向日忠赤傾心大開廣廈樂享太平,葵花向日忠赤倾心大开广厦乐享太平,葵花向日忠赤倾心大开广厦乐享太平,,"[4, 4, 4, 4]",4
287,完全一致,True,True,人不识仙，那有真诀，一入玄门，津津有益。,人不識仙那有真訣一入玄門津津有益,人不识仙那有真诀一入玄门津津有益,人不识仙那有真诀一入玄门津津有益,,"[4, 4, 4, 4]",4
288,真正差异,False,False,勿谓说话太沉，泥了就不成真，悟出千般奥妙，方识仙道最神。,勿謂説話太沈泥了就不成真悟出千般奥妙方識仙道最神,勿谓说话太沉泥了就不成真悟出千般奥妙方识仙道最神,勿谓说话太沈泥了就不成真悟出千般奥妙方识仙道最神,pos5: xlsx=沉(说话太沉泥了就) csv=沈(说话太沈泥了就),"[6, 6, 6, 6]",4
289,完全一致,True,True,功名虽多实际，何如修炼成真，真身不朽，万载长春。,功名雖多實際何如修煉成真真身不朽萬載長春,功名虽多实际何如修炼成真真身不朽万载长春,功名虽多实际何如修炼成真真身不朽万载长春,,"[6, 6, 4, 4]",4
290,完全一致,True,True,走走走，遇一狗，急思寻，可长久。,走走走遇一狗急思尋可長久,走走走遇一狗急思寻可长久,走走走遇一狗急思寻可长久,,"[3, 3, 3, 3]",4
291,完全一致,True,True,不知真消息，消息蓦地来，月圆月缺夜，不许把门开。,不知真消息消息驀地來月圓月缺夜不許把門開,不知真消息消息蓦地来月圆月缺夜不许把门开,不知真消息消息蓦地来月圆月缺夜不许把门开,,"[5, 5, 5, 5]",4
292,完全一致,True,True,火旺处要不疲，水深处要不呆，到头当酌量，毋得惹他灾。,火旺處要不疲水深處要不呆到頭當酌量毋得惹他災,火旺处要不疲水深处要不呆到头当酌量毋得惹他灾,火旺处要不疲水深处要不呆到头当酌量毋得惹他灾,,"[6, 6, 5, 5]",4
293,真正差异,False,False,宾雁绕湖地成陆，行建功勋早回程，贪恋终非世人福，莫教鸡鹜会相争。,賓雁遶湖地成陸行建功勳早回程,宾雁绕湖地成陆行建功勋早回程贪恋终非世人福莫教鸡鹜会相争,宾雁遶湖地成陆行建功勋早回程,pos2: xlsx=绕(宾雁绕湖地成) csv=遶(宾雁遶湖地成); pos14: xlsx=贪(早回程贪恋终非) csv=<无>(早回程); pos15: xlsx=恋(回程贪恋终非世) csv=<无>(回程); pos16: xlsx=终(程贪恋终非世人) csv=<无>(程); pos17: xlsx=非(贪恋终非世人福) csv=<无>(); pos18: xlsx=世(恋终非世人福莫) csv=<无>(); pos19: xlsx=人(终非世人福莫教) csv=<无>(); pos20: xlsx=福(非世人福莫教鸡) csv=<无>(); pos21: xlsx=莫(世人福莫教鸡鹜) csv=<无>(); pos22: xlsx=教(人福莫教鸡鹜会) csv=<无>(); pos23: xlsx=鸡(福莫教鸡鹜会相) csv=<无>(); pos24: xlsx=鹜(莫教鸡鹜会相争) csv=<无>(); pos25: xlsx=会(教鸡鹜会相争) csv=<无>(); pos26: xlsx=相(鸡鹜会相争) csv=<无>(); pos27: xlsx=争(鹜会相争) csv=<无>(),"[7, 7, 7, 7]",4
294,真正差异,False,False,天上风，天边月，月白风清，两两相当。,天上風天邊日月白風清兩兩相當,天上风天边月月白风清两两相当,天上风天边日月白风清两两相当,pos5: xlsx=月(风天边月月白风) csv=日(风天边日月白风),"[3, 3, 4, 4]",4
295,完全一致,True,True,叶归根，长立天地，水清源长流河海，人得金丹长生渊涯。,葉歸根長立天地水清源長流河海人得金丹長生淵涯,叶归根长立天地水清源长流河海人得金丹长生渊涯,叶归根长立天地水清源长流河海人得金丹长生渊涯,,"[3, 4, 7, 8]",4
296,完全一致,True,True,乘马去长安，看花花正发，一日雨来淋，香色尽凋零。,乘馬去長安看花花正發一日雨來淋香色盡凋零,乘马去长安看花花正发一日雨来淋香色尽凋零,乘马去长安看花花正发一日雨来淋香色尽凋零,,"[5, 5, 5, 5]",4
297,完全一致,True,True,木长春天根干老，子实三秋枝叶凋，不凋不谢，不见根牢。,木長春天根幹老子實三秋枝葉凋不凋不謝不見根牢,木长春天根干老子实三秋枝叶凋不凋不谢不见根牢,木长春天根干老子实三秋枝叶凋不凋不谢不见根牢,,"[7, 7, 4, 4]",4
298,仅异体字,True,False,叫道叫道，天将明了，何不伸首舒眉，反做蓬蒿到老。,叫道叫道天將明了何不伸首舒眉反做蓬蒿到老,叫道叫道天将明了何不伸首舒眉反做蓬蒿到老,叫道叫道天将明了何不伸首舒眉反做蓬蒿到老,,"[4, 4, 6, 6]",4
299,仅异体字,True,False,药饵真，服了宁，三剂后，足分明，神中神，清中清，固得紧，可长生。,藥餌真服了甯三劑後足分明神中神清中清固得緊可長生,药饵真服了宁三剂后足分明神中神清中清固得紧可长生,药饵真服了宁三剂后足分明神中神清中清固得紧可长生,,"[3, 3, 3, 3, 3, 3, 3, 3]",8
300,完全一致,True,True,三天曾结社，四海尽知名，长骑骏马，直入天庭。,三天曾結社四海盡知名長騎駿馬直入天庭,三天曾结社四海尽知名长骑骏马直入天庭,三天曾结社四海尽知名长骑骏马直入天庭,,"[5, 5, 4, 4]",4
301,真正差异,False,False,闲来夫子处，偶然遇一人，童颜鹤发，笑里生春。,閑來夫子處偶然過一人重顏鶴髮笑裏生春,闲来夫子处偶然遇一人童颜鹤发笑里生春,闲来夫子处偶然过一人重颜鹤发笑里生春,pos7: xlsx=遇(处偶然遇一人童) csv=过(处偶然过一人重); pos10: xlsx=童(遇一人童颜鹤发) csv=重(过一人重颜鹤发),"[5, 5, 4, 4]",4
302,真正差异,False,False,闲云野鹤望东行，惟有乡人便是知音，经营布置两三春，联街灯火后，锦帆前程。,閒雲野鶴望東行惟有鄉人便是知音經營佈置兩三春聯街燈火後錦片前程,闲云野鹤望东行惟有乡人便是知音经营布置两三春联街灯火后锦帆前程,闲云野鹤望东行惟有乡人便是知音经营布置两三春联街灯火后锦片前程,pos28: xlsx=帆(火后锦帆前程) csv=片(火后锦片前程),"[7, 8, 7, 5, 4]",5
303,仅异体字,True,False,汉水无情，蜀水澄清，黄河滚滚，四处烟尘。,漢水無情蜀水澄清黃河滾滾四處烟塵,汉水无情蜀水澄清黄河滚滚四处烟尘,汉水无情蜀水澄清黄河滚滚四处烟尘,,"[4, 4, 4, 4]",4
304,真正差异,False,False,潜龙已受困，尚不见云兴，伫看云四合，飞去到天庭。,潛龍已受困尚不見雲興竚看雲四合飛去到天庭,潜龙已受困尚不见云兴伫看云四合飞去到天庭,潜龙已受困尚不见云兴𥩟看云四合飞去到天庭,pos10: xlsx=伫(见云兴伫看云四) csv=𥩟(见云兴𥩟看云四),"[5, 5, 5, 5]",4
305,真正差异,False,False,此处滋味浓，浓艳不耐久，何如谈笑生风，倒好东奔西走。,此處滋味濃濃豔不耐久何如談笑生風倒好柬奔西走,此处滋味浓浓艳不耐久何如谈笑生风倒好东奔西走,此处滋味浓浓艳不耐久何如谈笑生风倒好柬奔西走,pos18: xlsx=东(风倒好东奔西走) csv=柬(风倒好柬奔西走),"[5, 5, 6, 6]",4
306,真正差异,False,False,这里有小人，切莫稍留停，忙打点，好起行，日月如逝勿久存。,這裏有小人切莫稍留停忙打點好起行日月游勿久存,这里有小人切莫稍留停忙打点好起行日月如逝勿久存,这里有小人切莫稍留停忙打点好起行日月游勿久存,pos18: xlsx=如(行日月如逝勿久) csv=游(行日月游勿久存); pos19: xlsx=逝(日月如逝勿久存) csv=勿(日月游勿久存); pos20: xlsx=勿(月如逝勿久存) csv=久(月游勿久存); pos21: xlsx=久(如逝勿久存) csv=存(游勿久存); pos22: xlsx=存(逝勿久存) csv=<无>(勿久存),"[5, 5, 3, 3, 7]",5
307,完全一致,True,True,龙生头角，将沛甘霖，六七八早，好济苍生。,龍生頭角將沛甘霖六七八早好濟蒼生,龙生头角将沛甘霖六七八早好济苍生,龙生头角将沛甘霖六七八早好济苍生,,"[4, 4, 4, 4]",4
308,仅异体字,True,False,太白现西南，龙蛇相竞逐，龙自飞上天，蛇却被刑戮。,太白現西南龍蛇相競逐龍自飛上天蛇却被刑戮,太白现西南龙蛇相竞逐龙自飞上天蛇却被刑戮,太白现西南龙蛇相竞逐龙自飞上天蛇却被刑戮,,"[5, 5, 5, 5]",4
309,完全一致,True,True,曾把树栽，也要待春来，东风袅袅，开遍花街。,曾把樹栽也要待春來東風嫋嫋開遍花街,曾把树栽也要待春来东风袅袅开遍花街,曾把树栽也要待春来东风袅袅开遍花街,,"[4, 5, 4, 4]",4
310,真正差异,False,False,四十余年苦已深，而今汝乐度光阴，莫筹论，恩爱尚多欢喜事，惜甚青春，不减青春。,四十餘年苦已深而今女樂度光陰莫籌論恩愛尚多歡喜事惜甚青春不減青春,四十余年苦已深而今汝乐度光阴莫筹论恩爱尚多欢喜事惜甚青春不减青春,四十余年苦已深而今女乐度光阴莫筹论恩爱尚多欢喜事惜甚青春不减青春,pos9: xlsx=汝(深而今汝乐度光) csv=女(深而今女乐度光),"[7, 7, 3, 7, 4, 4]",6
311,真正差异,False,False,三冬足，文艺精，到头处，亦成冰，急急回首，勿误前程。,三冬足文藝精到頭處亦成氷急急回首勿誤前程,三冬足文艺精到头处亦成冰急急回首勿误前程,三冬足文艺精到头处亦成氷急急回首勿误前程,pos11: xlsx=冰(处亦成冰急急回) csv=氷(处亦成氷急急回),"[3, 3, 3, 3, 4, 4]",6
312,真正差异,False,False,奇怪奇怪，前番来了，今番又来，谨慎提防，勿被弄坏。,奇怪奇怪前番來了今番又來謹慎提防勿被弄懷,奇怪奇怪前番来了今番又来谨慎提防勿被弄坏,奇怪奇怪前番来了今番又来谨慎提防勿被弄怀,pos19: xlsx=坏(勿被弄坏) csv=怀(勿被弄怀),"[4, 4, 4, 4, 4]",5
313,真正差异,False,False,耕牛伏軏，辟土开疆，坐看收获，黍稷稻梁。,耕牛伏軌闢土開疆坐看收獲黍稷稻梁,耕牛伏軏辟土开疆坐看收获黍稷稻梁,耕牛伏轨辟土开疆坐看收获黍稷稻梁,pos3: xlsx=軏(耕牛伏軏辟土开) csv=轨(耕牛伏轨辟土开),"[4, 4, 4, 4]",4
314,仅异体字,True,False,腰下佩青萍，步入金銮殿，覆护三山，千锤百炼。,腰下佩青萍步入金鑾殿覆護三山千錘百鍊,腰下佩青萍步入金銮殿覆护三山千锤百炼,腰下佩青萍步入金銮殿覆护三山千锤百炼,,"[5, 5, 4, 4]",4
315,真正差异,False,False,雏鸟飞高，出谷迁乔，龙神牙爪，变化海岛。,雛鳥會飛高出谷遷喬蛟龍神牙爪變化海島,雏鸟飞高出谷迁乔龙神牙爪变化海岛,雏鸟会飞高出谷迁乔蛟龙神牙爪变化海岛,pos2: xlsx=飞(雏鸟飞高出谷) csv=会(雏鸟会飞高出); pos3: xlsx=高(雏鸟飞高出谷迁) csv=飞(雏鸟会飞高出谷); pos4: xlsx=出(鸟飞高出谷迁乔) csv=高(鸟会飞高出谷迁); pos5: xlsx=谷(飞高出谷迁乔龙) csv=出(会飞高出谷迁乔); pos6: xlsx=迁(高出谷迁乔龙神) csv=谷(飞高出谷迁乔蛟); pos7: xlsx=乔(出谷迁乔龙神牙) csv=迁(高出谷迁乔蛟龙); pos8: xlsx=龙(谷迁乔龙神牙爪) csv=乔(出谷迁乔蛟龙神); pos9: xlsx=神(迁乔龙神牙爪变) csv=蛟(谷迁乔蛟龙神牙); pos10: xlsx=牙(乔龙神牙爪变化) csv=龙(迁乔蛟龙神牙爪); pos11: xlsx=爪(龙神牙爪变化海) csv=神(乔蛟龙神牙爪变); pos12: xlsx=变(神牙爪变化海岛) csv=牙(蛟龙神牙爪变化); pos13: xlsx=化(牙爪变化海岛) csv=爪(龙神牙爪变化海); pos14: xlsx=海(爪变化海岛) csv=变(神牙爪变化海岛); pos15: xlsx=岛(变化海岛) csv=化(牙爪变化海岛); pos16: xlsx=<无>(化海岛) csv=海(爪变化海岛); pos17: xlsx=<无>(海岛) csv=岛(变化海岛),"[4, 4, 4, 4]",4
316,真正差异,False,False,吉吉吉，寻常一样窗前月，凶凶凶，有了梅花便不同，含笑向东风，人情不比旧时浓。,吉吉吉尋常一樣窗前月凶凶凶有了梅花便不同含笑何東風人情不比舊時濃,吉吉吉寻常一样窗前月凶凶凶有了梅花便不同含笑向东风人情不比旧时浓,吉吉吉寻常一样窗前月凶凶凶有了梅花便不同含笑何东风人情不比旧时浓,pos22: xlsx=向(同含笑向东风人) csv=何(同含笑何东风人),"[3, 7, 3, 7, 5, 7]",6
317,真正差异,False,False,大火炎炎，宜水相济，宝鼎丹成，掀天揭地。,火天炎災宜水相濟寶鼎丹成掀天揭地,大火炎炎宜水相济宝鼎丹成掀天揭地,火天炎灾宜水相济宝鼎丹成掀天揭地,pos0: xlsx=大(大火炎炎) csv=火(火天炎灾); pos1: xlsx=火(大火炎炎宜) csv=天(火天炎灾宜); pos3: xlsx=炎(大火炎炎宜水相) csv=灾(火天炎灾宜水相),"[4, 4, 4, 4]",4
318,仅异体字,True,False,铁索一条，未把孤舟系，金刀一下，早把头落地。,鐵索一條未把孤舟繫金刀一下早把頭落地,铁索一条未把孤舟系金刀一下早把头落地,铁索一条未把孤舟系金刀一下早把头落地,,"[4, 5, 4, 5]",4
319,仅异体字,True,False,十二时中，紧急炼着，一刻少延，无处下脚。,十二時中緊急煉着一刻少延無處下脚,十二时中紧急炼着一刻少延无处下脚,十二时中紧急炼着一刻少延无处下脚,,"[4, 4, 4, 4]",4
320,真正差异,False,False,风起西南，红日当天，奇门妙诀，一掌能着。,風起西南紅日當天奇門妙訣一掌能看,风起西南红日当天奇门妙诀一掌能着,风起西南红日当天奇门妙诀一掌能看,pos15: xlsx=着(一掌能着) csv=看(一掌能看),"[4, 4, 4, 4]",4
321,真正差异,False,False,万籁无声际，一月正当空，忽被云遮掩，皓魄反朦胧。,萬籟無聲際一月正當空勿被雲遮掩皓魄反朦朧,万籁无声际一月正当空忽被云遮掩皓魄反朦胧,万籁无声际一月正当空勿被云遮掩皓魄反朦胧,pos10: xlsx=忽(正当空忽被云遮) csv=勿(正当空勿被云遮),"[5, 5, 5, 5]",4
322,仅异体字,True,False,一个知音，却在天边等，切勿因循，静夜当思省。,一個知音却在天邊等切勿因循靜夜當思省,一个知音却在天边等切勿因循静夜当思省,一个知音却在天边等切勿因循静夜当思省,,"[4, 5, 4, 5]",4
323,仅异体字,True,False,众犬相聚，砺齿咬牙，摇头摆尾，只顾看家。,衆犬相聚礪齒咬牙摇頭擺尾只顧看家,众犬相聚砺齿咬牙摇头摆尾只顾看家,众犬相聚砺齿咬牙摇头摆尾只顾看家,,"[4, 4, 4, 4]",4
324,完全一致,True,True,妻前夫后一同行，好比先机兆已明，君若有情须切记，十年恩义莫忘心。,妻前夫後一同行好比先機兆已明君若有情須切記十年恩義莫忘心,妻前夫后一同行好比先机兆已明君若有情须切记十年恩义莫忘心,妻前夫后一同行好比先机兆已明君若有情须切记十年恩义莫忘心,,"[7, 7, 7, 7]",4
325,真正差异,False,False,鼠伏穴，本自宁，一露首，猫即跟，扬威伸爪，鼠丧残生。,鼠伏穴本自甯一露首猫卽跟伸威揚爪鼠喪殘生,鼠伏穴本自宁一露首猫即跟扬威伸爪鼠丧残生,鼠伏穴本自宁一露首猫即跟伸威扬爪鼠丧残生,pos12: xlsx=扬(猫即跟扬威伸爪) csv=伸(猫即跟伸威扬爪); pos14: xlsx=伸(跟扬威伸爪鼠丧) csv=扬(跟伸威扬爪鼠丧),"[3, 3, 3, 3, 4, 4]",6
326,完全一致,True,True,书中有女颜如玉，书中自有黄金屋，读尽五车书，志愿自能足，何必焦劳心中忙碌。,書中有女顏如玉書中自有黃金屋讀盡五車書志願自能足何必焦勞心中忙碌,书中有女颜如玉书中自有黄金屋读尽五车书志愿自能足何必焦劳心中忙碌,书中有女颜如玉书中自有黄金屋读尽五车书志愿自能足何必焦劳心中忙碌,,"[7, 7, 5, 5, 8]",5
327,真正差异,False,False,豹变成文采，乘龙福自臻，赤身成富贵，事事得振新。,豹變成文采乘龍福自臻赤身成富貴事事可兮斷,豹变成文采乘龙福自臻赤身成富贵事事得振新,豹变成文采乘龙福自臻赤身成富贵事事可兮断,pos17: xlsx=得(贵事事得振新) csv=可(贵事事可兮断); pos18: xlsx=振(事事得振新) csv=兮(事事可兮断); pos19: xlsx=新(事得振新) csv=断(事可兮断),"[5, 5, 5, 5]",4
328,真正差异,False,False,孤阳微兮，群阴溢兮，力既殚兮，将不可耄兮，真谨慎兮，宜可保兮。,孤陽微兮羣陰盜兮力旣殫兮將不可耄兮真謹慎兮宜可保兮,孤阳微兮群阴溢兮力既殚兮将不可耄兮真谨慎兮宜可保兮,孤阳微兮群阴盗兮力既殚兮将不可耄兮真谨慎兮宜可保兮,pos6: xlsx=溢(兮群阴溢兮力既) csv=盗(兮群阴盗兮力既),"[4, 4, 4, 5, 4, 4]",6
329,真正差异,False,False,晓雨初晴映碧溪，重重春色上柴扉，黄金不尽家殷富，何必区区羡锦衣？,曉雨初睛映碧溪重重春色上柴扉黃金不盡家殷富何必區區羡錦衣,晓雨初晴映碧溪重重春色上柴扉黄金不尽家殷富何必区区羡锦衣,晓雨初睛映碧溪重重春色上柴扉黄金不尽家殷富何必区区羡锦衣,pos3: xlsx=晴(晓雨初晴映碧溪) csv=睛(晓雨初睛映碧溪),"[7, 7, 7, 7]",4
330,真正差异,False,False,世道多荆棘，人情每用嗟，利名如有路，勤苦逐生涯。,世道多荆棘人情每用嗟利名各有路勤苦逐生涯,世道多荆棘人情每用嗟利名如有路勤苦逐生涯,世道多荆棘人情每用嗟利名各有路勤苦逐生涯,pos12: xlsx=如(嗟利名如有路勤) csv=各(嗟利名各有路勤),"[5, 5, 5, 5]",4
331,真正差异,False,False,山穷路转迷，水急舟难渡，万事莫强为，出处遭研妒。,山窮路轉迷水急舟難渡萬事莫強為出處遭奸妬,山穷路转迷水急舟难渡万事莫强为出处遭研妒,山穷路转迷水急舟难渡万事莫强为出处遭奸妬,pos18: xlsx=研(出处遭研妒) csv=奸(出处遭奸妬); pos19: xlsx=妒(处遭研妒) csv=妬(处遭奸妬),"[5, 5, 5, 5]",4
332,真正差异,False,False,时边多艰，战战兢兢，戒谨恐惧，如履薄冰，须识前程危与险，一笼风里一枝灯。,時邊多難戰戰兢兢戒謹恐懼如履薄冰須識前程危與險一籠風裏一枝燈,时边多艰战战兢兢戒谨恐惧如履薄冰须识前程危与险一笼风里一枝灯,时边多难战战兢兢戒谨恐惧如履薄冰须识前程危与险一笼风里一枝灯,pos3: xlsx=艰(时边多艰战战兢) csv=难(时边多难战战兢),"[4, 4, 4, 4, 7, 7]",6
333,真正差异,False,False,一朵花枝艳更芳，清香馥郁透兰房，时风吹送终成笑，好句筵前进几觞。,一朶花技豔更芳清香馥郁透蘭房時風吹送終成笑好句筵前進幾觴,一朵花枝艳更芳清香馥郁透兰房时风吹送终成笑好句筵前进几觞,一朶花技艳更芳清香馥郁透兰房时风吹送终成笑好句筵前进几觞,pos1: xlsx=朵(一朵花枝艳) csv=朶(一朶花技艳); pos3: xlsx=枝(一朵花枝艳更芳) csv=技(一朶花技艳更芳),"[7, 7, 7, 7]",4
334,完全一致,True,True,自从持守定，功在众人先，别有非常喜，随龙到九天。,自從持守定功在衆人先別有非常喜隨龍到九天,自从持守定功在众人先别有非常喜随龙到九天,自从持守定功在众人先别有非常喜随龙到九天,,"[5, 5, 5, 5]",4
335,仅异体字,True,False,远涉波涛一叶舟，而今始得过滩头，年来心事才成就，屈指从前多可忧。,遠涉波濤一葉舟而今始得過灘頭年來心事纔成就屈指從前多可憂,远涉波涛一叶舟而今始得过滩头年来心事才成就屈指从前多可忧,远涉波涛一叶舟而今始得过滩头年来心事才成就屈指从前多可忧,,"[7, 7, 7, 7]",4
336,仅异体字,True,False,受君之禄，久降祯祥，盈而不覆，守之乃昌，毋怠毋骄，永保安康。,受君之禄久降禎祥盈而不覆守之乃昌毋怠毋驕永保安康,受君之禄久降祯祥盈而不覆守之乃昌毋怠毋骄永保安康,受君之禄久降祯祥盈而不覆守之乃昌毋怠毋骄永保安康,,"[4, 4, 4, 4, 4, 4]",6
337,完全一致,True,True,万事不由人计较，一生尽是命安排，莫疑猜，命里有时总有分，何须碌碌混尘埃，休哉！,萬事不由人計較一生盡是命安排莫疑猜命裏有時總有分何須碌碌混塵埃休哉,万事不由人计较一生尽是命安排莫疑猜命里有时总有分何须碌碌混尘埃休哉,万事不由人计较一生尽是命安排莫疑猜命里有时总有分何须碌碌混尘埃休哉,,"[7, 7, 3, 7, 7, 2]",6
338,完全一致,True,True,一片忧心未肯休，花逢春雨艳难留，得意归休，失意归休，仙家只此一筹谋。,一片憂心未肯休花逢春雨豔難留得意歸休失意歸休仙家只此一籌謀,一片忧心未肯休花逢春雨艳难留得意归休失意归休仙家只此一筹谋,一片忧心未肯休花逢春雨艳难留得意归休失意归休仙家只此一筹谋,,"[7, 7, 4, 4, 7]",5
339,仅异体字,True,False,两女一夫，上下相祛，阴气乘阳，用是耗虚。,兩女一夫上下相祛陰氣乘陽用是耗虚,两女一夫上下相祛阴气乘阳用是耗虚,两女一夫上下相祛阴气乘阳用是耗虚,,"[4, 4, 4, 4]",4
340,真正差异,False,False,双燕归南国，来寻王谢家，华堂春尽静，进此托生涯。,雙燕歸南國來尋王謝家華堂春盡静造此托生涯,双燕归南国来寻王谢家华堂春尽静进此托生涯,双燕归南国来寻王谢家华堂春尽静造此托生涯,pos15: xlsx=进(春尽静进此托生) csv=造(春尽静造此托生),"[5, 5, 5, 5]",4
341,真正差异,False,False,命运蹇兮时违，灾殃及兮身疲，望皇天兮不我顾，嗟我亲兮病斯危。,命運蹇兮時違災映及兮身疲望皇天兮不我顧嗟我親兮病斯危,命运蹇兮时违灾殃及兮身疲望皇天兮不我顾嗟我亲兮病斯危,命运蹇兮时违灾映及兮身疲望皇天兮不我顾嗟我亲兮病斯危,pos7: xlsx=殃(时违灾殃及兮身) csv=映(时违灾映及兮身),"[6, 6, 7, 7]",4
342,真正差异,False,False,采药天台路转迷，桃花流水赋佳期，春风啼鸟多情思，寄语刘郎且莫归。,採藥天臺路轉迷桃花玩水賦佳期春風啼鳥多情思寄語劉郎旦莫歸,采药天台路转迷桃花流水赋佳期春风啼鸟多情思寄语刘郎且莫归,采药天台路转迷桃花玩水赋佳期春风啼鸟多情思寄语刘郎旦莫归,pos9: xlsx=流(迷桃花流水赋佳) csv=玩(迷桃花玩水赋佳); pos25: xlsx=且(语刘郎且莫归) csv=旦(语刘郎旦莫归),"[7, 7, 7, 7]",4
343,仅异体字,True,False,出温入寒，被薄衣单，去我慈航，难解横愆。,出溫入寒被薄衣單去我慈航難解横愆,出温入寒被薄衣单去我慈航难解横愆,出温入寒被薄衣单去我慈航难解横愆,,"[4, 4, 4, 4]",4
344,真正差异,False,False,三升三石，放在一斗，满而溢，子自得。,三五三口放在一斗滿而溢子自得,三升三石放在一斗满而溢子自得,三五三口放在一斗满而溢子自得,pos1: xlsx=升(三升三石放) csv=五(三五三口放); pos3: xlsx=石(三升三石放在一) csv=口(三五三口放在一),"[4, 4, 3, 3]",4
345,真正差异,False,False,谁说故乡无滋味，飘零湖海在天涯，任咨嗟，中秋月隐春雨淋花，多少征人长忆家。,誰說故鄉無滋味飄零湖海在天涯任咨嗟中秋月隱春雨淋花多謝征人長,谁说故乡无滋味飘零湖海在天涯任咨嗟中秋月隐春雨淋花多少征人长忆家,谁说故乡无滋味飘零湖海在天涯任咨嗟中秋月隐春雨淋花多谢征人长,pos26: xlsx=少(淋花多少征人长) csv=谢(淋花多谢征人长); pos30: xlsx=忆(征人长忆家) csv=<无>(征人长); pos31: xlsx=家(人长忆家) csv=<无>(人长),"[7, 7, 3, 8, 7]",5
346,完全一致,True,True,云散月当空，牛前马后逢，张弓方抵御，一箭定全功。,雲散月當空牛前馬後逢張弓方抵禦一箭定全功,云散月当空牛前马后逢张弓方抵御一箭定全功,云散月当空牛前马后逢张弓方抵御一箭定全功,,"[5, 5, 5, 5]",4
347,真正差异,False,False,马进徐行似有程，月沉西海日东升，运来何必劳心力，风送江湖万里清。,馬進徐行似有程月沈西海日東升運來何必勞心力風送江湖萬里清,马进徐行似有程月沉西海日东升运来何必劳心力风送江湖万里清,马进徐行似有程月沈西海日东升运来何必劳心力风送江湖万里清,pos8: xlsx=沉(有程月沉西海日) csv=沈(有程月沈西海日),"[7, 7, 7, 7]",4
348,仅异体字,True,False,云横山际水茫茫，千里长途望故乡，蹇厄事来君莫恨，倚门惆怅立斜阳。,雲横山際水茫茫千里長途望故鄉蹇厄事來君莫恨倚門惆悵立斜陽,云横山际水茫茫千里长途望故乡蹇厄事来君莫恨倚门惆怅立斜阳,云横山际水茫茫千里长途望故乡蹇厄事来君莫恨倚门惆怅立斜阳,,"[7, 7, 7, 7]",4
349,真正差异,False,False,风波今已息，舟楫遇安流，自此功名遂，何须叹白头。,風波今已息舟揖遇安流自此功名遂何須歎白頭,风波今已息舟楫遇安流自此功名遂何须叹白头,风波今已息舟揖遇安流自此功名遂何须叹白头,pos6: xlsx=楫(已息舟楫遇安流) csv=揖(已息舟揖遇安流),"[5, 5, 5, 5]",4
350,真正差异,False,False,望到平安地，江山万里程，绿杨芳草处，风快马蹄轻。,巴到平安地江山萬里程綠揚芳草處風快馬啼輕,望到平安地江山万里程绿杨芳草处风快马蹄轻,巴到平安地江山万里程绿扬芳草处风快马啼轻,pos0: xlsx=望(望到平安) csv=巴(巴到平安); pos11: xlsx=杨(里程绿杨芳草处) csv=扬(里程绿扬芳草处); pos18: xlsx=蹄(风快马蹄轻) csv=啼(风快马啼轻),"[5, 5, 5, 5]",4
351,完全一致,True,True,雕鹗当秋势转雄，乘风分翼到蟾宫，荣华若问将来事，先后名声达九重。,鵰鶚當秋勢轉雄乘風分翼到蟾宮榮華若問將來事先後名聲達九重,雕鹗当秋势转雄乘风分翼到蟾宫荣华若问将来事先后名声达九重,雕鹗当秋势转雄乘风分翼到蟾宫荣华若问将来事先后名声达九重,,"[7, 7, 7, 7]",4
352,仅异体字,True,False,鼠为患终宵不得宁，猫儿一叫几夜太平，人岂识如兽，其理甚分明。,鼠為患終宵不得甯猫兒一叫幾夜太平人豈識如獸其理甚分明,鼠为患终宵不得宁猫儿一叫几夜太平人岂识如兽其理甚分明,鼠为患终宵不得宁猫儿一叫几夜太平人岂识如兽其理甚分明,,"[8, 8, 5, 5]",4
353,完全一致,True,True,两人在旁，太阳在上，照汝一寸心，仙机曾否明。,兩人在旁太陽在上照汝一寸心仙機曾否明,两人在旁太阳在上照汝一寸心仙机曾否明,两人在旁太阳在上照汝一寸心仙机曾否明,,"[4, 4, 5, 5]",4
354,真正差异,False,False,君子道消，小人道长，阴气郁郁，阳气不扬，如何如何，良贾深藏。,君子道消小人道長陰氣鬱鬱陽氣不揚如何如可良賈深藏,君子道消小人道长阴气郁郁阳气不扬如何如何良贾深藏,君子道消小人道长阴气郁郁阳气不扬如何如可良贾深藏,pos19: xlsx=何(如何如何良贾深) csv=可(如何如可良贾深),"[4, 4, 4, 4, 4, 4]",6
355,完全一致,True,True,去到长安，东北转角，逢着天门，便有下落。,去到長安東北轉角逢着天門便有下落,去到长安东北转角逢着天门便有下落,去到长安东北转角逢着天门便有下落,,"[4, 4, 4, 4]",4
356,真正差异,False,False,徐步入天台，为听好消息，采药有仙童，洞府列春色。,徐步入天台為見好消息採藥有仙童洞府列春色,徐步入天台为听好消息采药有仙童洞府列春色,徐步入天台为见好消息采药有仙童洞府列春色,pos6: xlsx=听(天台为听好消息) csv=见(天台为见好消息),"[5, 5, 5, 5]",4
357,完全一致,True,True,思量一夜，不如打干一番，若还错，烦恼及肺肝。,思量一夜不如打幹一番若還錯煩惱及肺肝,思量一夜不如打干一番若还错烦恼及肺肝,思量一夜不如打干一番若还错烦恼及肺肝,,"[4, 6, 3, 5]",4
358,真正差异,False,False,心细胆粗，可胜上将之任，勇往前行，成败何必在心，胸中把持得定，敌人自能受困。,心細膽粗可勝上將之任勇住前行成敗何必在心胸中把持得定敵人自能受困,心细胆粗可胜上将之任勇往前行成败何必在心胸中把持得定敌人自能受困,心细胆粗可胜上将之任勇住前行成败何必在心胸中把持得定敌人自能受困,pos11: xlsx=往(之任勇往前行成) csv=住(之任勇住前行成),"[4, 6, 4, 6, 6, 6]",6
359,完全一致,True,True,天念苦修人，终不落红尘，清心能见道，扰扰丧真灵。,天念苦修人終不落紅塵清心能見道擾擾喪真靈,天念苦修人终不落红尘清心能见道扰扰丧真灵,天念苦修人终不落红尘清心能见道扰扰丧真灵,,"[5, 5, 5, 5]",4
360,真正差异,False,False,捕兕于渊，求鱼于山，从朝至暮，功负力捐，改弦易辙，庶可图全。,補兇於淵求魚於山從朝至暮功負力捐數弦易轍庶可圖全,捕兕于渊求鱼于山从朝至暮功负力捐改弦易辙庶可图全,补凶于渊求鱼于山从朝至暮功负力捐数弦易辙庶可图全,pos0: xlsx=捕(捕兕于渊) csv=补(补凶于渊); pos1: xlsx=兕(捕兕于渊求) csv=凶(补凶于渊求); pos16: xlsx=改(负力捐改弦易辙) csv=数(负力捐数弦易辙),"[4, 4, 4, 4, 4, 4]",6
361,真正差异,False,False,手持一木鱼，沿街去化缘，不见徐公来，却遇一鸟去。,手持一木魚沿街去化來不見徐公來却遇一鳥去,手持一木鱼沿街去化缘不见徐公来却遇一鸟去,手持一木鱼沿街去化来不见徐公来却遇一鸟去,pos9: xlsx=缘(街去化缘不见徐) csv=来(街去化来不见徐),"[5, 5, 5, 5]",4
362,真正差异,False,False,水火既济，阴阳相契，育物新民，参天赞地。,水大旣濟陰陽相契育物新民參天贊地,水火既济阴阳相契育物新民参天赞地,水大既济阴阳相契育物新民参天赞地,pos1: xlsx=火(水火既济阴) csv=大(水大既济阴),"[4, 4, 4, 4]",4
363,真正差异,False,False,骑玉兔，到广寒，遇嫦娥，将桂攀，满身馥郁，两袖馨香。,騎玉兎到廣寒遇嫦娥將桂攀满身馥郁兩袖馨香,骑玉兔到广寒遇嫦娥将桂攀满身馥郁两袖馨香,骑玉兎到广寒遇嫦娥将桂攀满身馥郁两袖馨香,pos2: xlsx=兔(骑玉兔到广寒) csv=兎(骑玉兎到广寒),"[3, 3, 3, 3, 4, 4]",6
364,真正差异,False,False,一个神道，随尔去行，逢人说法，到处显灵。,一個神道隨爾去行逢人設法到處顯靈,一个神道随尔去行逢人说法到处显灵,一个神道随尔去行逢人设法到处显灵,pos10: xlsx=说(行逢人说法到处) csv=设(行逢人设法到处),"[4, 4, 4, 4]",4
365,真正差异,False,False,炉中火，沙里金，功力到，丹鼎成。,爐中大沙裏金功力到丹鼎成,炉中火沙里金功力到丹鼎成,炉中大沙里金功力到丹鼎成,pos2: xlsx=火(炉中火沙里金) csv=大(炉中大沙里金),"[3, 3, 3, 3]",4
366,真正差异,False,False,此去万里程，却遇见知音，同心共济，大立勋名。,此去萬里程却遇花知音同心共濟大立敷名,此去万里程却遇见知音同心共济大立勋名,此去万里程却遇花知音同心共济大立敷名,pos7: xlsx=见(程却遇见知音同) csv=花(程却遇花知音同); pos16: xlsx=勋(济大立勋名) csv=敷(济大立敷名),"[5, 5, 4, 4]",4
367,真正差异,False,False,寻芳春日，适见花开，朵朵堪摘，枝枝可栽。,尋芳春日適見花開朶朶堪摘枝枝可栽,寻芳春日适见花开朵朵堪摘枝枝可栽,寻芳春日适见花开朶朶堪摘枝枝可栽,pos8: xlsx=朵(见花开朵朵堪摘) csv=朶(见花开朶朶堪摘); pos9: xlsx=朵(花开朵朵堪摘枝) csv=朶(花开朶朶堪摘枝),"[4, 4, 4, 4]",4
368,真正差异,False,False,龙一吟，云便??兴，冲霄直上，快睹太平，为文为武，君君臣臣。,龍一吟雲便興冲霄直上快覩太平為文為武君君臣臣,龙一吟云便兴冲霄直上快睹太平为文为武君君臣臣,龙一吟云便兴冲霄直上快覩太平为文为武君君臣臣,pos11: xlsx=睹(直上快睹太平为) csv=覩(直上快覩太平为),"[3, 2, 1, 4, 4, 4, 4]",8
369,真正差异,False,False,虎出金榜，有勇亦何济，怎似山翁，非富犹有趣。,虎出金傷有勇成何際怎似山翁非富猶有趣,虎出金榜有勇亦何济怎似山翁非富犹有趣,虎出金伤有勇成何际怎似山翁非富犹有趣,pos3: xlsx=榜(虎出金榜有勇亦) csv=伤(虎出金伤有勇成); pos6: xlsx=亦(榜有勇亦何济怎) csv=成(伤有勇成何际怎); pos8: xlsx=济(勇亦何济怎似山) csv=际(勇成何际怎似山),"[4, 5, 4, 5]",4
370,真正差异,False,False,过羊肠，入康庄，五陵裘马，当思故乡。,過羊腸人康莊五陵裘馬當思故鄉,过羊肠入康庄五陵裘马当思故乡,过羊肠人康庄五陵裘马当思故乡,pos3: xlsx=入(过羊肠入康庄五) csv=人(过羊肠人康庄五),"[3, 3, 4, 4]",4
371,真正差异,False,False,火遭水克，火灭其光，水势滔滔，源远流长。,火遭水尅火滅其光水勢滔滔源遠流長,火遭水克火灭其光水势滔滔源远流长,火遭水尅火灭其光水势滔滔源远流长,pos3: xlsx=克(火遭水克火灭其) csv=尅(火遭水尅火灭其),"[4, 4, 4, 4]",4
372,完全一致,True,True,东阁筵开，佳客自来，高歌唱和，展挹舒怀。,東閣筵開佳客自來高歌唱和展挹舒懷,东阁筵开佳客自来高歌唱和展挹舒怀,东阁筵开佳客自来高歌唱和展挹舒怀,,"[4, 4, 4, 4]",4
373,真正差异,False,False,世界似清宁，不知辞已休，打叠要小心，须防遭火毐。,世界似清甯不知辭己休打壘要小心須防遭大毒,世界似清宁不知辞已休打叠要小心须防遭火毐,世界似清宁不知辞己休打垒要小心须防遭大毒,pos8: xlsx=已(不知辞已休打叠) csv=己(不知辞己休打垒); pos11: xlsx=叠(已休打叠要小心) csv=垒(己休打垒要小心); pos18: xlsx=火(须防遭火毐) csv=大(须防遭大毒); pos19: xlsx=毐(防遭火毐) csv=毒(防遭大毒),"[5, 5, 5, 5]",4
374,真正差异,False,False,跳龙门，须激浪，雷电轰轰，踊跃万丈。,跳龍門須汲浪雷電轟轟踴躍萬大,跳龙门须激浪雷电轰轰踊跃万丈,跳龙门须汲浪雷电轰轰踊跃万大,pos4: xlsx=激(龙门须激浪雷电) csv=汲(龙门须汲浪雷电); pos13: xlsx=丈(踊跃万丈) csv=大(踊跃万大),"[3, 3, 4, 4]",4
375,真正差异,False,False,山上有古松，亭亭冲汉斗，干老枝更长，天地生荣久。,山上有古松亭亭冲漢斗幹老技更長天地生榮久,山上有古松亭亭冲汉斗干老枝更长天地生荣久,山上有古松亭亭冲汉斗干老技更长天地生荣久,pos12: xlsx=枝(斗干老枝更长天) csv=技(斗干老技更长天),"[5, 5, 5, 5]",4
376,真正差异,False,False,诽谤言，勿计论，到头来，数已定，碌碌浮生，不如安分。,誹謗言勿計論釗頭來數已定碌碌浮生不如安分,诽谤言勿计论到头来数已定碌碌浮生不如安分,诽谤言勿计论钊头来数已定碌碌浮生不如安分,pos6: xlsx=到(勿计论到头来数) csv=钊(勿计论钊头来数),"[3, 3, 3, 3, 4, 4]",6
377,真正差异,False,False,一头猪，可祭天地，虽丧身，亦算好处。,一個猪可祭天地雖喪身亦算好處,一头猪可祭天地虽丧身亦算好处,一个猪可祭天地虽丧身亦算好处,pos1: xlsx=头(一头猪可祭) csv=个(一个猪可祭),"[3, 4, 3, 4]",4
378,真正差异,False,False,与其日营营，何如夜忖忖，日里多劳形，夜间却安稳。,與具日營營何如夜忖忖日裏多勞形夜間却安穩,与其日营营何如夜忖忖日里多劳形夜间却安稳,与具日营营何如夜忖忖日里多劳形夜间却安稳,pos1: xlsx=其(与其日营营) csv=具(与具日营营),"[5, 5, 5, 5]",4
379,完全一致,True,True,东风来，花自开，大家喝采，畅饮三杯。,東風來花自開大家喝采暢飲三杯,东风来花自开大家喝采畅饮三杯,东风来花自开大家喝采畅饮三杯,,"[3, 3, 4, 4]",4
380,真正差异,False,False,疏食饮水，乐在其中，膏梁美味，反使心朦。,疏食飲木樂在其中膏梁嗅味反使心朦,疏食饮水乐在其中膏梁美味反使心朦,疏食饮木乐在其中膏梁嗅味反使心朦,pos3: xlsx=水(疏食饮水乐在其) csv=木(疏食饮木乐在其); pos10: xlsx=美(中膏梁美味反使) csv=嗅(中膏梁嗅味反使),"[4, 4, 4, 4]",4
381,真正差异,False,False,黄牛辟土，大力开疆，西成时候，谷米盈仓。,黃牛闢士大力開疆西成時候穀米盈蒼,黄牛辟土大力开疆西成时候谷米盈仓,黄牛辟士大力开疆西成时候谷米盈苍,pos3: xlsx=土(黄牛辟土大力开) csv=士(黄牛辟士大力开); pos15: xlsx=仓(谷米盈仓) csv=苍(谷米盈苍),"[4, 4, 4, 4]",4
382,真正差异,False,False,蛇可化龙，头角将出，平地一声雷，方显龙蛇力。,蛇可化龍頭角將出平地一聲雷轟方顯龍蛇有力,蛇可化龙头角将出平地一声雷方显龙蛇力,蛇可化龙头角将出平地一声雷轰方显龙蛇有力,pos13: xlsx=方(一声雷方显龙蛇) csv=轰(一声雷轰方显龙); pos14: xlsx=显(声雷方显龙蛇力) csv=方(声雷轰方显龙蛇); pos15: xlsx=龙(雷方显龙蛇力) csv=显(雷轰方显龙蛇有); pos16: xlsx=蛇(方显龙蛇力) csv=龙(轰方显龙蛇有力); pos17: xlsx=力(显龙蛇力) csv=蛇(方显龙蛇有力); pos18: xlsx=<无>(龙蛇力) csv=有(显龙蛇有力); pos19: xlsx=<无>(蛇力) csv=力(龙蛇有力),"[4, 4, 5, 5]",4
383,完全一致,True,True,九华山顶，紫气腾腾，异尽一舟，取去前行。,九華山頂紫氣騰騰異盡一舟取去前行,九华山顶紫气腾腾异尽一舟取去前行,九华山顶紫气腾腾异尽一舟取去前行,,"[4, 4, 4, 4]",4
384,仅异体字,True,False,人非孔颜，鲜能无过，过而能改，仍复无过，开花不足凭，结果方为准，放开怀抱意欣欣。,人非孔顏鮮能無過過而能改仍復無過開花不足憑結果方為準放開懷抱意欣欣,人非孔颜鲜能无过过而能改仍复无过开花不足凭结果方为准放开怀抱意欣欣,人非孔颜鲜能无过过而能改仍复无过开花不足凭结果方为准放开怀抱意欣欣,,"[4, 4, 4, 4, 5, 5, 7]",7
